INSERT INTO "user"(id, username, password) VALUES (2, 'Komodo Loco', '');
INSERT INTO "store"(id, name) VALUES (1, 'Komodo Loco');

INSERT INTO "user_store"(user_id, store_id) VALUES (2, 1);

INSERT INTO Category(id, name) VALUES(0, 'Loose');
INSERT INTO Category(id, name) VALUES(1, 'Gin');
INSERT INTO Category(id, name) VALUES(2, 'Rum');
INSERT INTO Category(id, name) VALUES(3, 'Tequila');
INSERT INTO Category(id, name) VALUES(4, 'Vodka');
INSERT INTO Category(id, name) VALUES(5, 'Whiskey');
INSERT INTO Category(id, name) VALUES(6, 'Keg');
INSERT INTO Category(id, name) VALUES(7, 'Unknown');
INSERT INTO Category(id, name, sortByValue) VALUES(8, 'Other', 200);
INSERT INTO Category(id, name) VALUES(9, 'Wine');
INSERT INTO Category(id, name) VALUES(10, 'Canned/Dry');
INSERT INTO Category(id, name, sortByValue) VALUES(11, 'Dry/Canned', 10);
INSERT INTO Category(id, name, sortByValue) VALUES(12, 'Frozen', 10);
INSERT INTO Category(id, name, sortByValue) VALUES(13, 'refrigerated', 10);
INSERT INTO Category(id, name, sortByValue) VALUES(14, 'Soda', 10);
INSERT INTO Category(id, name, sortByValue) VALUES(15, 'Dairy', 10);
INSERT INTO Category(id, name, sortByValue) VALUES(16, 'Produce', 10);
INSERT INTO Category(id, name, sortByValue) VALUES(17, 'Drink', 10);

INSERT INTO Categories(parent_category_id, child_category_id) VALUES(17, 0);
INSERT INTO Categories(parent_category_id, child_category_id) VALUES(17, 1);
INSERT INTO Categories(parent_category_id, child_category_id) VALUES(17, 2);
INSERT INTO Categories(parent_category_id, child_category_id) VALUES(17, 3);
INSERT INTO Categories(parent_category_id, child_category_id) VALUES(17, 4);
INSERT INTO Categories(parent_category_id, child_category_id) VALUES(17, 5);
INSERT INTO Categories(parent_category_id, child_category_id) VALUES(17, 14);

INSERT INTO Vendor(id, name, email) VALUES(0, 'Andrews', 'Templeton.evan@gmail.com');
INSERT INTO Vendor(id, name, email) VALUES(1, 'Applejack''s', 'Templeton.evan@gmail.com');
INSERT INTO Vendor(id, name, email) VALUES(2, 'BEK', 'Templeton.evan@gmail.com');
INSERT INTO Vendor(id, name, email) VALUES(3, 'Direct Source', 'Templeton.evan@gmail.com');
INSERT INTO Vendor(id, name, email) VALUES(4, 'Fisher', 'Templeton.evan@gmail.com');
INSERT INTO Vendor(id, name, email) VALUES(5, 'Fullclip Craft', 'Templeton.evan@gmail.com');
INSERT INTO Vendor(id, name, email) VALUES(6, 'Glazer''s', 'Templeton.evan@gmail.com');
INSERT INTO Vendor(id, name, email) VALUES(7, 'JFC', 'Templeton.evan@gmail.com');
INSERT INTO Vendor(id, name, email) VALUES(8, 'Mexcor', 'Templeton.evan@gmail.com');
INSERT INTO Vendor(id, name, email) VALUES(9, 'MTC', 'Templeton.evan@gmail.com');
INSERT INTO Vendor(id, name, email) VALUES(10, 'Ocean Beauty', 'Templeton.evan@gmail.com');
INSERT INTO Vendor(id, name, email) VALUES(11, 'SSC', 'Templeton.evan@gmail.com');
INSERT INTO Vendor(id, name, email) VALUES(12, 'Sysco', 'Templeton.evan@gmail.com');

INSERT INTO store_category(category_id, store_id) VALUES(6, 1);
INSERT INTO store_category(category_id, store_id) VALUES(7, 1);
INSERT INTO store_category(category_id, store_id) VALUES(8, 1);
INSERT INTO store_category(category_id, store_id) VALUES(9, 1);
INSERT INTO store_category(category_id, store_id) VALUES(10, 1);
INSERT INTO store_category(category_id, store_id) VALUES(11, 1);
INSERT INTO store_category(category_id, store_id) VALUES(12, 1);
INSERT INTO store_category(category_id, store_id) VALUES(13, 1);
INSERT INTO store_category(category_id, store_id) VALUES(15, 1);
INSERT INTO store_category(category_id, store_id) VALUES(16, 1);
INSERT INTO store_category(category_id, store_id) VALUES(17, 1);

INSERT INTO Product(id, name) VALUES(0, 'Austin East Pineapple Cider');
INSERT INTO Product(id, name) VALUES(1, 'Bombay Sapphire');
INSERT INTO Product(id, name) VALUES(2, 'Hendricks Gin');
INSERT INTO Product(id, name) VALUES(3, 'Nikka Coffey Gin');
INSERT INTO Product(id, name) VALUES(4, 'Suntory Roku Gin');
INSERT INTO Product(id, name) VALUES(5, 'Tanqueray');
INSERT INTO Product(id, name) VALUES(6, 'Bacardi Oakheart Spiced');
INSERT INTO Product(id, name) VALUES(7, 'Del Maguey Vida Mezcal');
INSERT INTO Product(id, name) VALUES(8, 'El Tesoro Blanco');
INSERT INTO Product(id, name) VALUES(9, 'El Tesoro Reposado');
INSERT INTO Product(id, name) VALUES(10, 'Espolon Anejo');
INSERT INTO Product(id, name) VALUES(11, 'Espolon Reposado');
INSERT INTO Product(id, name) VALUES(12, 'Fidencio Madre Cuixe Mezcal');
INSERT INTO Product(id, name) VALUES(13, 'Hornitos Plata');
INSERT INTO Product(id, name) VALUES(14, 'Mezonte Raicilla Japo');
INSERT INTO Product(id, name) VALUES(15, 'Deep Eddy Lemon');
INSERT INTO Product(id, name) VALUES(16, 'Effen Yuzu Citrus');
INSERT INTO Product(id, name) VALUES(17, 'Grey Goose');
INSERT INTO Product(id, name) VALUES(18, 'Ketel One');
INSERT INTO Product(id, name) VALUES(19, 'Suntory Haku Vodka');
INSERT INTO Product(id, name) VALUES(20, 'Akashi Eigashima Single Malt Whisky');
INSERT INTO Product(id, name) VALUES(21, 'Akashi Single Malt Pinot Cask Finish');
INSERT INTO Product(id, name) VALUES(22, 'Akashi Ume');
INSERT INTO Product(id, name) VALUES(23, 'Basil Hayden 10YR');
INSERT INTO Product(id, name) VALUES(24, 'Bulleit Bourbon');
INSERT INTO Product(id, name) VALUES(25, 'Bulleit Rye');
INSERT INTO Product(id, name) VALUES(26, 'Dickel Rye');
INSERT INTO Product(id, name) VALUES(27, 'Eagle Rare Single Barrel');
INSERT INTO Product(id, name) VALUES(28, 'Eh Taylor Rye');
INSERT INTO Product(id, name) VALUES(29, 'Eh Taylor Small Batch');
INSERT INTO Product(id, name) VALUES(30, 'Hakushu Single Malt 12YR');
INSERT INTO Product(id, name) VALUES(31, 'Herman Marshall Blended Whiskey');
INSERT INTO Product(id, name) VALUES(32, 'Herman Marshall Bourbon');
INSERT INTO Product(id, name) VALUES(33, 'Hibiki Harmony Japanese Whiskey');
INSERT INTO Product(id, name) VALUES(34, 'Jameson');
INSERT INTO Product(id, name) VALUES(35, 'Kikori Rice Whiskey');
INSERT INTO Product(id, name) VALUES(36, 'Knob Creek');
INSERT INTO Product(id, name) VALUES(37, 'Knob Creek Rye 100 Proof');
INSERT INTO Product(id, name) VALUES(38, 'Legent Whiskey');
INSERT INTO Product(id, name) VALUES(39, 'Macallan 12YR');
INSERT INTO Product(id, name) VALUES(40, 'Makers Mark');
INSERT INTO Product(id, name) VALUES(41, 'Nikka Coffey Grain Whisky');
INSERT INTO Product(id, name) VALUES(42, 'Nikka Takesuru Pure Malt');
INSERT INTO Product(id, name) VALUES(43, 'Nikka Whisky From The Barrel');
INSERT INTO Product(id, name) VALUES(44, 'Suntory Whiskey Toki');
INSERT INTO Product(id, name) VALUES(45, 'Texas Blended Whiskey');
INSERT INTO Product(id, name) VALUES(46, 'Weller 107 Proof');
INSERT INTO Product(id, name) VALUES(47, 'Weller 12YR');
INSERT INTO Product(id, name) VALUES(48, 'Whistle Pig Single Barrel Eastside');
INSERT INTO Product(id, name) VALUES(49, 'Yamazaki 12YR');
INSERT INTO Product(id, name) VALUES(50, 'Sapporo DFT Beer');
INSERT INTO Product(id, name) VALUES(51, 'Kirin Ichiban');
INSERT INTO Product(id, name) VALUES(52, 'Mich Ultra');
INSERT INTO Product(id, name) VALUES(53, 'Red Bull Energy Drink');
INSERT INTO Product(id, name) VALUES(54, 'Sapporo Premium Black');
INSERT INTO Product(id, name) VALUES(55, 'Asahi Super Dry');
INSERT INTO Product(id, name) VALUES(56, 'Brooklyn Sorachi Ace');
INSERT INTO Product(id, name) VALUES(57, 'Kirin Light');
INSERT INTO Product(id, name) VALUES(58, '#1 Black Folded Takeout Box');
INSERT INTO Product(id, name) VALUES(59, 'BAG, BLACK, 1/6, 11.5X6.5X21.5, 12 MIC');
INSERT INTO Product(id, name) VALUES(60, 'CHECK,1PART,BOARD,ASIAN');
INSERT INTO Product(id, name) VALUES(61, 'CONTAINER, FOOD PAPER, 16oz, KRAFT');
INSERT INTO Product(id, name) VALUES(62, 'CONTAINER, TO-GO,COMBO,32oz,BLK,CLR TOP,ROUND');
INSERT INTO Product(id, name) VALUES(63, 'CONTAINER, TOGO, BLACK,#8, 6X4.75X2.5');
INSERT INTO Product(id, name) VALUES(64, 'CONTAINER,1COMP,CLR, 8.25X8.25X3');
INSERT INTO Product(id, name) VALUES(65, 'CUP, TO GO, PET, 16oz, CLEAR');
INSERT INTO Product(id, name) VALUES(66, 'GRIDDLE BLOCK 4X8X3.5');
INSERT INTO Product(id, name) VALUES(67, 'LID, CLEAR, VENTED');
INSERT INTO Product(id, name) VALUES(68, 'LID, PET, 1.5/2/2.5oz, CLR');
INSERT INTO Product(id, name) VALUES(69, 'LID, PET, W/STRAW SLOT, FITS 14-24oz, CLEAR');
INSERT INTO Product(id, name) VALUES(70, 'MEAL KIT,BLK,MW,PP,F,K,SS,NAP');
INSERT INTO Product(id, name) VALUES(71, 'MEAL KIT,WHT,MHW,PS,F,S,K');
INSERT INTO Product(id, name) VALUES(72, 'MEDIUM DUTY GREEN SCOURING');
INSERT INTO Product(id, name) VALUES(73, 'PAPER GROCERY BAGS 4 1/16" X 2 5/8" X 7 7/8",#2, KRAFT');
INSERT INTO Product(id, name) VALUES(74, 'SPONGE, STAINLESS STEEL, REGULAR');
INSERT INTO Product(id, name) VALUES(75, 'THERMAL, 3 1/8" X 230''');
INSERT INTO Product(id, name) VALUES(76, 'ARMADILLO LAND YACHT IPA');
INSERT INTO Product(id, name) VALUES(77, 'RAHR PALETA DE MANGO');
INSERT INTO Product(id, name) VALUES(78, 'DOS EQUIS LAGER');
INSERT INTO Product(id, name) VALUES(79, 'MILLER LITE');
INSERT INTO Product(id, name) VALUES(80, 'REVOLVER BLOOD & HONEY');
INSERT INTO Product(id, name) VALUES(81, 'SHINER BOCK');
INSERT INTO Product(id, name) VALUES(82, 'Dos Equis Lager');
INSERT INTO Product(id, name) VALUES(83, 'Lite 6PK LN');
INSERT INTO Product(id, name) VALUES(84, '3 Nations Mango Smash IPA');
INSERT INTO Product(id, name) VALUES(85, 'Texas Sake Sparkling Classic');
INSERT INTO Product(id, name) VALUES(86, 'Mojito');
INSERT INTO Product(id, name) VALUES(87, 'A By Acacia Chard Unoaked (SC)');
INSERT INTO Product(id, name) VALUES(88, 'Finca El Origen Torrontes RSV');
INSERT INTO Product(id, name) VALUES(89, 'Gascon Malbec');
INSERT INTO Product(id, name) VALUES(90, 'Gekkeikan PLUM WINE LI');
INSERT INTO Product(id, name) VALUES(91, 'Gekkeikan SAKE BLACK & GOLD');
INSERT INTO Product(id, name) VALUES(92, 'Gekkeikan SAKE LI');
INSERT INTO Product(id, name) VALUES(93, 'Juggernaut Cab Sauv Hillside 16');
INSERT INTO Product(id, name) VALUES(94, 'LA MARCA PROSECCO');
INSERT INTO Product(id, name) VALUES(95, 'SHO CHIKU BAI SAKE MIO SPARKLING');
INSERT INTO Product(id, name) VALUES(96, 'SHO CHIKU BAI SAKE NIGORI TS');
INSERT INTO Product(id, name) VALUES(97, 'YUKI SAKE NIGORI LYCHEE');
INSERT INTO Product(id, name) VALUES(98, 'YUKI SAKE NIGORI MANGO');
INSERT INTO Product(id, name) VALUES(99, 'Botan Rice Calrose Kraft');
INSERT INTO Product(id, name) VALUES(100, 'H-FNG Sambal Oelek-Chili Paste');
INSERT INTO Product(id, name) VALUES(101, 'Kadoya Sesame Oil');
INSERT INTO Product(id, name) VALUES(102, 'KKM SOY SCE L-SODUM CUBE');
INSERT INTO Product(id, name) VALUES(103, 'KKM Soy Sce Plastic Tub');
INSERT INTO Product(id, name) VALUES(104, 'Kuki Sesame Chili Oil Rayu');
INSERT INTO Product(id, name) VALUES(105, 'Marukan Misho Grain Vinegar');
INSERT INTO Product(id, name) VALUES(106, 'WP DRIED DASHI KONBU-SEAWEED');
INSERT INTO Product(id, name) VALUES(107, 'JB Sushi Nori Deluxe Half');
INSERT INTO Product(id, name) VALUES(108, 'WP Tempura Batter Mix Gold Agemeijin');
INSERT INTO Product(id, name) VALUES(109, 'Ajishima Furikake Nori Komi');
INSERT INTO Product(id, name) VALUES(110, 'Ajino Vegetable Gyoza-05590');
INSERT INTO Product(id, name) VALUES(111, 'Amerin Nobashi EBI VNM 21-25 INDO');
INSERT INTO Product(id, name) VALUES(112, 'Golden Dragon Wonton Skin');
INSERT INTO Product(id, name) VALUES(113, 'Hilong Crawfish Tail Meat 100-150');
INSERT INTO Product(id, name) VALUES(114, 'Imuraya Choco Monaka Ice JPN');
INSERT INTO Product(id, name) VALUES(115, 'JB Edamame Soybeans CHN');
INSERT INTO Product(id, name) VALUES(116, 'Kyokuyo Albacore Tuna Loin WLD JPN');
INSERT INTO Product(id, name) VALUES(117, 'O''Tasty Pot Sticker Pork/Veg');
INSERT INTO Product(id, name) VALUES(118, 'Osaki Kanikama 500G-24384');
INSERT INTO Product(id, name) VALUES(119, 'UOGASHI PRM HAMACHI SMK FILLET 1.8KG');
INSERT INTO Product(id, name) VALUES(120, 'WP EDAMAME SOYBEANS FZN CHN');
INSERT INTO Product(id, name) VALUES(121, 'Kinjirushi Kizami Wasabi YKD');
INSERT INTO Product(id, name) VALUES(122, 'JFC Hamachi SMK Fillet 1.8KG Up JPN');
INSERT INTO Product(id, name) VALUES(123, 'Imuraya Matcha Monaka Ice JPN');
INSERT INTO Product(id, name) VALUES(124, 'KKM EMPTY BTL CAP GRN 480PC');
INSERT INTO Product(id, name) VALUES(125, 'Hikari Miso Sai Shiro');
INSERT INTO Product(id, name) VALUES(126, 'Aloha LILIKOI PASSION DRINK');
INSERT INTO Product(id, name) VALUES(127, 'AlohaMD GUAVA DRINK');
INSERT INTO Product(id, name) VALUES(128, 'AlohaMD PASS-O GUAVA DRNK');
INSERT INTO Product(id, name) VALUES(129, 'AlohaMD STRAWBERRY GUAVA');
INSERT INTO Product(id, name) VALUES(130, 'Hakushika Snow Beauty');
INSERT INTO Product(id, name) VALUES(131, 'Kurosawa Junmai - Kimoto');
INSERT INTO Product(id, name) VALUES(132, 'Kurosawa Nigori');
INSERT INTO Product(id, name) VALUES(133, 'Yaekagi Cloud Nigori');
INSERT INTO Product(id, name) VALUES(134, 'Kuki Natural Goma Rayu (Ex. Hot)');
INSERT INTO Product(id, name) VALUES(135, 'F-E20 150 Takara Nama Ramen');
INSERT INTO Product(id, name) VALUES(136, 'F-Ohsaki Kani Stick');
INSERT INTO Product(id, name) VALUES(137, 'F-TW Ground Tuna Nakaochi');
INSERT INTO Product(id, name) VALUES(138, 'F-Miyako Nobashi EBI 26/30');
INSERT INTO Product(id, name) VALUES(139, 'F-Green Edamame Cold Mtn');
INSERT INTO Product(id, name) VALUES(140, 'F-Shioyude Shelled Edamame');
INSERT INTO Product(id, name) VALUES(141, 'F-5L Sushi-Yo Hiraki EBI');
INSERT INTO Product(id, name) VALUES(142, 'F-C-Tako Ashi');
INSERT INTO Product(id, name) VALUES(143, 'Taka Purple, Hangiri');
INSERT INTO Product(id, name) VALUES(144, 'F-Chimei Gwa Pao Bun');
INSERT INTO Product(id, name) VALUES(145, 'F-TJ Salmon Cube');
INSERT INTO Product(id, name) VALUES(146, 'F-Wasabi Tobiko');
INSERT INTO Product(id, name) VALUES(147, 'F-Marukyo Hiyashi Wakame Salad');
INSERT INTO Product(id, name) VALUES(148, 'White Kyodo Ginger');
INSERT INTO Product(id, name) VALUES(149, 'F-Marukyo Ika Sansai');
INSERT INTO Product(id, name) VALUES(150, 'Miyako Hanakatsuo');
INSERT INTO Product(id, name) VALUES(151, 'F-Y. Fin Tuna Saku (WAAA)');
INSERT INTO Product(id, name) VALUES(152, 'F-150/200 Crawfish Tail Meat');
INSERT INTO Product(id, name) VALUES(153, 'F-Habanero Masago (AZ)');
INSERT INTO Product(id, name) VALUES(154, 'F-O-Tasty Gyoza Pork');
INSERT INTO Product(id, name) VALUES(155, 'F-Black Tobiko');
INSERT INTO Product(id, name) VALUES(156, 'Bulk Nori Goma Furikake');
INSERT INTO Product(id, name) VALUES(157, 'Kikkoman Soy Less Salt Tub');
INSERT INTO Product(id, name) VALUES(158, 'Kikkoman Soy Sauce');
INSERT INTO Product(id, name) VALUES(159, 'Mae Ploy Sweet Chili Sauce');
INSERT INTO Product(id, name) VALUES(160, 'Miyako Calrose Rice');
INSERT INTO Product(id, name) VALUES(161, 'S&B Shichimi Togarashi');
INSERT INTO Product(id, name) VALUES(162, 'Sambal Oelek Chili Paste');
INSERT INTO Product(id, name) VALUES(163, 'Shiro Yamajirushi Miso');
INSERT INTO Product(id, name) VALUES(164, 'Sriracha Hot Chili Sauce');
INSERT INTO Product(id, name) VALUES(165, 'Yamajirushi Yuzu It');
INSERT INTO Product(id, name) VALUES(166, 'Yamasa Tamari Shoyu (Gluten Free)');
INSERT INTO Product(id, name) VALUES(167, 'Yamasa Less Salt Soy Sauce');
INSERT INTO Product(id, name) VALUES(168, 'Kin Wasabits (AR-1)');
INSERT INTO Product(id, name) VALUES(169, 'F-Hamachi Fillet Premium');
INSERT INTO Product(id, name) VALUES(170, 'Vannamei Shrimp Farmed P&D Raw IQF 21/25 T/On');
INSERT INTO Product(id, name) VALUES(171, 'Atlantic Salmon Dressed Frs Farmed 15/17 Faroe');
INSERT INTO Product(id, name) VALUES(172, 'Scottish Atlantic Salmon Dressed Frs Farmed 17+ Sushi');
INSERT INTO Product(id, name) VALUES(173, 'Eastern Oyster Live Farmed Beausoleil');
INSERT INTO Product(id, name) VALUES(174, 'Yellowfin Tuna Loin Frs Wild#1 Blood Line In 60/100 OBCut S/On');
INSERT INTO Product(id, name) VALUES(175, 'Bigeye Tuna Loin Frs Wild#1 Blood Line In 60/100 OBCut S/On');
INSERT INTO Product(id, name) VALUES(176, 'Eastern Oyster In Shell Frs Farmed Rappahannock River');
INSERT INTO Product(id, name) VALUES(177, 'Eastern Oyster Live Farmed Beavertail');
INSERT INTO Product(id, name) VALUES(178, 'Fresh Urchin Roe');
INSERT INTO Product(id, name) VALUES(179, 'Pasteurized Crab Fingers');
INSERT INTO Product(id, name) VALUES(180, 'Fresh Salmon Scottish Whole');
INSERT INTO Product(id, name) VALUES(181, 'Fresh Tuna Loin TTT S/On');
INSERT INTO Product(id, name) VALUES(182, 'Z-Frozen Tuna Loins');
INSERT INTO Product(id, name) VALUES(183, 'IMP/MCC Spice Pepper Red Crushed');
INSERT INTO Product(id, name) VALUES(184, 'Rotel Tomato Diced W/Green Chil');
INSERT INTO Product(id, name) VALUES(185, 'Snyders Pretzel Pieces Jalapeno');
INSERT INTO Product(id, name) VALUES(186, 'SYS CLS Preserve Strawberry');
INSERT INTO Product(id, name) VALUES(187, 'AREZCLS Oil Olive Blend 90/10');
INSERT INTO Product(id, name) VALUES(188, 'Rioluna Pepper Chipotle Adobo Sauce');
INSERT INTO Product(id, name) VALUES(189, 'SYS REL Shortening Fry Liq CLR ZTF');
INSERT INTO Product(id, name) VALUES(190, 'Madhava Sweetener Agave Amber Nectar');
INSERT INTO Product(id, name) VALUES(191, 'IMPFRSH Mint Fresh Herb');
INSERT INTO Product(id, name) VALUES(192, 'IMPFRSH Basil Fresh Thai Herb');
INSERT INTO Product(id, name) VALUES(193, 'IMP/MCC Spice Dill Weed WH');
INSERT INTO Product(id, name) VALUES(194, 'IMPFRSH Rosemary Fresh Herb');
INSERT INTO Product(id, name) VALUES(195, 'Clabgir Corn Starch');
INSERT INTO Product(id, name) VALUES(196, 'SYS CLS Oil Vegetable Pure');
INSERT INTO Product(id, name) VALUES(197, 'Magic Seasoning Blackened Redfish');
INSERT INTO Product(id, name) VALUES(198, 'HOSPTLY Candy Mint Butter WHT THA');
INSERT INTO Product(id, name) VALUES(199, 'JDMTCLS Milk Coconut Unsweetened');
INSERT INTO Product(id, name) VALUES(200, 'SYS CLS Spice Cumin GRND');
INSERT INTO Product(id, name) VALUES(201, 'SYS CLS Spice Onion Powder');
INSERT INTO Product(id, name) VALUES(202, 'IMP/MCC Spice Pepper BLK WHL');
INSERT INTO Product(id, name) VALUES(203, 'LOL Cheese Amer Xtra Melt');
INSERT INTO Product(id, name) VALUES(204, 'WHLFCLS Cream Sour All Nat GRD A');
INSERT INTO Product(id, name) VALUES(205, 'BELLABL Egg Quail');
INSERT INTO Product(id, name) VALUES(206, 'BCH BLK PORK BUTT BNLS 1/4 6-9# EA');
INSERT INTO Product(id, name) VALUES(207, 'CABBHNP BEEF SIRL FLAP FAJ MRNATD');
INSERT INTO Product(id, name) VALUES(208, 'CAB Beef Sirl Ball Tip CH 185B');
INSERT INTO Product(id, name) VALUES(209, 'Freedmn Sausage Chorizo');
INSERT INTO Product(id, name) VALUES(210, 'MAPLELF Duck Wing Drummettes Cooke');
INSERT INTO Product(id, name) VALUES(211, 'Packer Chicken ASST Skin FRZN');
INSERT INTO Product(id, name) VALUES(212, 'Packer Pork Belly 409 SKNLS');
INSERT INTO Product(id, name) VALUES(213, 'WEICHN Springroll Wrapper Wei Chuan Egg');
INSERT INTO Product(id, name) VALUES(214, 'WHLFCLS EGG HRDBLD WHL PEEL P');
INSERT INTO Product(id, name) VALUES(215, 'BCH BLK Beef Tender PSMO Choice');
INSERT INTO Product(id, name) VALUES(216, 'Alpha Bun Brioche 4.5 SLI');
INSERT INTO Product(id, name) VALUES(217, 'FARMLND Pork Shank Kansas City W');
INSERT INTO Product(id, name) VALUES(218, 'FARMLND Bacon End & Pcs Diced');
INSERT INTO Product(id, name) VALUES(219, 'Keyston Sanitizer Machine Liq Disp');
INSERT INTO Product(id, name) VALUES(220, 'Keyston Detergent Pot/Pan Liq Blu DI');
INSERT INTO Product(id, name) VALUES(221, 'SYS CLS GLOVE NITRILE FDSRV PF BLK');
INSERT INTO Product(id, name) VALUES(222, 'SYS CLS GLOVE Vinyl FDSRV PF XL');
INSERT INTO Product(id, name) VALUES(223, 'SYS CLS GLOVE Vinyl FDSV PF LRG');
INSERT INTO Product(id, name) VALUES(224, 'SYS CLS Glove Vinyl FDSV PF Med');
INSERT INTO Product(id, name) VALUES(225, 'SYS REL LINER REPRO 38x58 1.5ml');
INSERT INTO Product(id, name) VALUES(226, 'SYS REL Tissue Toilet 4x4 WRPD 2Ply');
INSERT INTO Product(id, name) VALUES(227, 'SYS REL Detergent Pot/Pan Liq Pink R');
INSERT INTO Product(id, name) VALUES(228, 'TORKUNV Towel Roll Non-Perf 7.75 NAT');
INSERT INTO Product(id, name) VALUES(229, 'Keyston Detergent Dishwash Liq Disp');
INSERT INTO Product(id, name) VALUES(230, 'Keeseal Bag Pastry 18 Kee');
INSERT INTO Product(id, name) VALUES(231, 'Sysco Grill Brick 3.5" Thick');
INSERT INTO Product(id, name) VALUES(232, 'Keyston Detergent Glass Bar Man RTU');
INSERT INTO Product(id, name) VALUES(233, 'Keyston Cleaner Fryer Boilout RTU');
INSERT INTO Product(id, name) VALUES(234, 'SYS CLS Napkin Bev 9.5x9.5 2Ply Red');
INSERT INTO Product(id, name) VALUES(235, 'Sysco Wrap Food Dry Wax FLD 6x10.7');
INSERT INTO Product(id, name) VALUES(236, 'SYS CLS Filter Pod Fryr Oil Exten');
INSERT INTO Product(id, name) VALUES(237, 'Packer Avocado Hass BRKNG Fresh');
INSERT INTO Product(id, name) VALUES(238, 'Packer Brussel Sprout FRSH Medium');
INSERT INTO Product(id, name) VALUES(239, 'Packer Corn Sweet Cob FRSH');
INSERT INTO Product(id, name) VALUES(240, 'Packer Cucumber English FRSH');
INSERT INTO Product(id, name) VALUES(241, 'Packer Lemon Minipack CH 165SZ Fresh');
INSERT INTO Product(id, name) VALUES(242, 'IMPFRSH Mushroom Port Cap Baby #1 FR');
INSERT INTO Product(id, name) VALUES(243, 'IMPFRSH Onion Geen Icels');
INSERT INTO Product(id, name) VALUES(244, 'Packer Pepper Red Bell LG FRSH');

INSERT INTO "product_categories"(parent_category_id, child_product_id) VALUES(0, 0);
INSERT INTO "product_categories"(parent_category_id, child_product_id) VALUES(1, 1);
INSERT INTO "product_categories"(parent_category_id, child_product_id) VALUES(1, 2);
INSERT INTO "product_categories"(parent_category_id, child_product_id) VALUES(1, 3);
INSERT INTO "product_categories"(parent_category_id, child_product_id) VALUES(1, 4);
INSERT INTO "product_categories"(parent_category_id, child_product_id) VALUES(1, 5);
INSERT INTO "product_categories"(parent_category_id, child_product_id) VALUES(2, 6);
INSERT INTO "product_categories"(parent_category_id, child_product_id) VALUES(3, 7);
INSERT INTO "product_categories"(parent_category_id, child_product_id) VALUES(3, 8);
INSERT INTO "product_categories"(parent_category_id, child_product_id) VALUES(3, 9);
INSERT INTO "product_categories"(parent_category_id, child_product_id) VALUES(3, 10);
INSERT INTO "product_categories"(parent_category_id, child_product_id) VALUES(3, 11);
INSERT INTO "product_categories"(parent_category_id, child_product_id) VALUES(3, 12);
INSERT INTO "product_categories"(parent_category_id, child_product_id) VALUES(3, 13);
INSERT INTO "product_categories"(parent_category_id, child_product_id) VALUES(3, 14);
INSERT INTO "product_categories"(parent_category_id, child_product_id) VALUES(4, 15);
INSERT INTO "product_categories"(parent_category_id, child_product_id) VALUES(4, 16);
INSERT INTO "product_categories"(parent_category_id, child_product_id) VALUES(4, 17);
INSERT INTO "product_categories"(parent_category_id, child_product_id) VALUES(4, 18);
INSERT INTO "product_categories"(parent_category_id, child_product_id) VALUES(4, 19);
INSERT INTO "product_categories"(parent_category_id, child_product_id) VALUES(5, 20);
INSERT INTO "product_categories"(parent_category_id, child_product_id) VALUES(5, 21);
INSERT INTO "product_categories"(parent_category_id, child_product_id) VALUES(5, 22);
INSERT INTO "product_categories"(parent_category_id, child_product_id) VALUES(5, 23);
INSERT INTO "product_categories"(parent_category_id, child_product_id) VALUES(5, 24);
INSERT INTO "product_categories"(parent_category_id, child_product_id) VALUES(5, 25);
INSERT INTO "product_categories"(parent_category_id, child_product_id) VALUES(5, 26);
INSERT INTO "product_categories"(parent_category_id, child_product_id) VALUES(5, 27);
INSERT INTO "product_categories"(parent_category_id, child_product_id) VALUES(5, 28);
INSERT INTO "product_categories"(parent_category_id, child_product_id) VALUES(5, 29);
INSERT INTO "product_categories"(parent_category_id, child_product_id) VALUES(5, 30);
INSERT INTO "product_categories"(parent_category_id, child_product_id) VALUES(5, 31);
INSERT INTO "product_categories"(parent_category_id, child_product_id) VALUES(5, 32);
INSERT INTO "product_categories"(parent_category_id, child_product_id) VALUES(5, 33);
INSERT INTO "product_categories"(parent_category_id, child_product_id) VALUES(5, 34);
INSERT INTO "product_categories"(parent_category_id, child_product_id) VALUES(5, 35);
INSERT INTO "product_categories"(parent_category_id, child_product_id) VALUES(5, 36);
INSERT INTO "product_categories"(parent_category_id, child_product_id) VALUES(5, 37);
INSERT INTO "product_categories"(parent_category_id, child_product_id) VALUES(5, 38);
INSERT INTO "product_categories"(parent_category_id, child_product_id) VALUES(5, 39);
INSERT INTO "product_categories"(parent_category_id, child_product_id) VALUES(5, 40);
INSERT INTO "product_categories"(parent_category_id, child_product_id) VALUES(5, 41);
INSERT INTO "product_categories"(parent_category_id, child_product_id) VALUES(5, 42);
INSERT INTO "product_categories"(parent_category_id, child_product_id) VALUES(5, 43);
INSERT INTO "product_categories"(parent_category_id, child_product_id) VALUES(5, 44);
INSERT INTO "product_categories"(parent_category_id, child_product_id) VALUES(5, 45);
INSERT INTO "product_categories"(parent_category_id, child_product_id) VALUES(5, 46);
INSERT INTO "product_categories"(parent_category_id, child_product_id) VALUES(5, 47);
INSERT INTO "product_categories"(parent_category_id, child_product_id) VALUES(5, 48);
INSERT INTO "product_categories"(parent_category_id, child_product_id) VALUES(5, 49);
INSERT INTO "product_categories"(parent_category_id, child_product_id) VALUES(6, 50);
INSERT INTO "product_categories"(parent_category_id, child_product_id) VALUES(0, 51);
INSERT INTO "product_categories"(parent_category_id, child_product_id) VALUES(0, 52);
INSERT INTO "product_categories"(parent_category_id, child_product_id) VALUES(0, 53);
INSERT INTO "product_categories"(parent_category_id, child_product_id) VALUES(0, 54);
INSERT INTO "product_categories"(parent_category_id, child_product_id) VALUES(7, 55);
INSERT INTO "product_categories"(parent_category_id, child_product_id) VALUES(7, 56);
INSERT INTO "product_categories"(parent_category_id, child_product_id) VALUES(7, 57);
INSERT INTO "product_categories"(parent_category_id, child_product_id) VALUES(8, 58);
INSERT INTO "product_categories"(parent_category_id, child_product_id) VALUES(8, 59);
INSERT INTO "product_categories"(parent_category_id, child_product_id) VALUES(8, 60);
INSERT INTO "product_categories"(parent_category_id, child_product_id) VALUES(8, 61);
INSERT INTO "product_categories"(parent_category_id, child_product_id) VALUES(8, 62);
INSERT INTO "product_categories"(parent_category_id, child_product_id) VALUES(8, 63);
INSERT INTO "product_categories"(parent_category_id, child_product_id) VALUES(8, 64);
INSERT INTO "product_categories"(parent_category_id, child_product_id) VALUES(8, 65);
INSERT INTO "product_categories"(parent_category_id, child_product_id) VALUES(8, 66);
INSERT INTO "product_categories"(parent_category_id, child_product_id) VALUES(8, 67);
INSERT INTO "product_categories"(parent_category_id, child_product_id) VALUES(8, 68);
INSERT INTO "product_categories"(parent_category_id, child_product_id) VALUES(8, 69);
INSERT INTO "product_categories"(parent_category_id, child_product_id) VALUES(8, 70);
INSERT INTO "product_categories"(parent_category_id, child_product_id) VALUES(8, 71);
INSERT INTO "product_categories"(parent_category_id, child_product_id) VALUES(8, 72);
INSERT INTO "product_categories"(parent_category_id, child_product_id) VALUES(8, 73);
INSERT INTO "product_categories"(parent_category_id, child_product_id) VALUES(8, 74);
INSERT INTO "product_categories"(parent_category_id, child_product_id) VALUES(8, 75);
INSERT INTO "product_categories"(parent_category_id, child_product_id) VALUES(6, 76);
INSERT INTO "product_categories"(parent_category_id, child_product_id) VALUES(6, 77);
INSERT INTO "product_categories"(parent_category_id, child_product_id) VALUES(0, 78);
INSERT INTO "product_categories"(parent_category_id, child_product_id) VALUES(0, 79);
INSERT INTO "product_categories"(parent_category_id, child_product_id) VALUES(0, 80);
INSERT INTO "product_categories"(parent_category_id, child_product_id) VALUES(0, 81);
INSERT INTO "product_categories"(parent_category_id, child_product_id) VALUES(7, 82);
INSERT INTO "product_categories"(parent_category_id, child_product_id) VALUES(7, 83);
INSERT INTO "product_categories"(parent_category_id, child_product_id) VALUES(6, 84);
INSERT INTO "product_categories"(parent_category_id, child_product_id) VALUES(6, 85);
INSERT INTO "product_categories"(parent_category_id, child_product_id) VALUES(0, 86);
INSERT INTO "product_categories"(parent_category_id, child_product_id) VALUES(9, 87);
INSERT INTO "product_categories"(parent_category_id, child_product_id) VALUES(9, 88);
INSERT INTO "product_categories"(parent_category_id, child_product_id) VALUES(9, 89);
INSERT INTO "product_categories"(parent_category_id, child_product_id) VALUES(9, 90);
INSERT INTO "product_categories"(parent_category_id, child_product_id) VALUES(9, 91);
INSERT INTO "product_categories"(parent_category_id, child_product_id) VALUES(9, 92);
INSERT INTO "product_categories"(parent_category_id, child_product_id) VALUES(9, 93);
INSERT INTO "product_categories"(parent_category_id, child_product_id) VALUES(9, 94);
INSERT INTO "product_categories"(parent_category_id, child_product_id) VALUES(9, 95);
INSERT INTO "product_categories"(parent_category_id, child_product_id) VALUES(9, 96);
INSERT INTO "product_categories"(parent_category_id, child_product_id) VALUES(9, 97);
INSERT INTO "product_categories"(parent_category_id, child_product_id) VALUES(9, 98);
INSERT INTO "product_categories"(parent_category_id, child_product_id) VALUES(10, 99);
INSERT INTO "product_categories"(parent_category_id, child_product_id) VALUES(10, 100);
INSERT INTO "product_categories"(parent_category_id, child_product_id) VALUES(10, 101);
INSERT INTO "product_categories"(parent_category_id, child_product_id) VALUES(10, 102);
INSERT INTO "product_categories"(parent_category_id, child_product_id) VALUES(10, 103);
INSERT INTO "product_categories"(parent_category_id, child_product_id) VALUES(10, 104);
INSERT INTO "product_categories"(parent_category_id, child_product_id) VALUES(10, 105);
INSERT INTO "product_categories"(parent_category_id, child_product_id) VALUES(10, 106);
INSERT INTO "product_categories"(parent_category_id, child_product_id) VALUES(10, 107);
INSERT INTO "product_categories"(parent_category_id, child_product_id) VALUES(11, 108);
INSERT INTO "product_categories"(parent_category_id, child_product_id) VALUES(11, 109);
INSERT INTO "product_categories"(parent_category_id, child_product_id) VALUES(12, 110);
INSERT INTO "product_categories"(parent_category_id, child_product_id) VALUES(12, 111);
INSERT INTO "product_categories"(parent_category_id, child_product_id) VALUES(12, 112);
INSERT INTO "product_categories"(parent_category_id, child_product_id) VALUES(12, 113);
INSERT INTO "product_categories"(parent_category_id, child_product_id) VALUES(12, 114);
INSERT INTO "product_categories"(parent_category_id, child_product_id) VALUES(12, 115);
INSERT INTO "product_categories"(parent_category_id, child_product_id) VALUES(12, 116);
INSERT INTO "product_categories"(parent_category_id, child_product_id) VALUES(12, 117);
INSERT INTO "product_categories"(parent_category_id, child_product_id) VALUES(12, 118);
INSERT INTO "product_categories"(parent_category_id, child_product_id) VALUES(12, 119);
INSERT INTO "product_categories"(parent_category_id, child_product_id) VALUES(12, 120);
INSERT INTO "product_categories"(parent_category_id, child_product_id) VALUES(12, 121);
INSERT INTO "product_categories"(parent_category_id, child_product_id) VALUES(12, 122);
INSERT INTO "product_categories"(parent_category_id, child_product_id) VALUES(12, 123);
INSERT INTO "product_categories"(parent_category_id, child_product_id) VALUES(8, 124);
INSERT INTO "product_categories"(parent_category_id, child_product_id) VALUES(13, 125);
INSERT INTO "product_categories"(parent_category_id, child_product_id) VALUES(14, 126);
INSERT INTO "product_categories"(parent_category_id, child_product_id) VALUES(14, 127);
INSERT INTO "product_categories"(parent_category_id, child_product_id) VALUES(14, 128);
INSERT INTO "product_categories"(parent_category_id, child_product_id) VALUES(14, 129);
INSERT INTO "product_categories"(parent_category_id, child_product_id) VALUES(9, 130);
INSERT INTO "product_categories"(parent_category_id, child_product_id) VALUES(9, 131);
INSERT INTO "product_categories"(parent_category_id, child_product_id) VALUES(9, 132);
INSERT INTO "product_categories"(parent_category_id, child_product_id) VALUES(9, 133);
INSERT INTO "product_categories"(parent_category_id, child_product_id) VALUES(7, 134);
INSERT INTO "product_categories"(parent_category_id, child_product_id) VALUES(7, 135);
INSERT INTO "product_categories"(parent_category_id, child_product_id) VALUES(7, 136);
INSERT INTO "product_categories"(parent_category_id, child_product_id) VALUES(7, 137);
INSERT INTO "product_categories"(parent_category_id, child_product_id) VALUES(7, 138);
INSERT INTO "product_categories"(parent_category_id, child_product_id) VALUES(7, 139);
INSERT INTO "product_categories"(parent_category_id, child_product_id) VALUES(7, 140);
INSERT INTO "product_categories"(parent_category_id, child_product_id) VALUES(7, 141);
INSERT INTO "product_categories"(parent_category_id, child_product_id) VALUES(7, 142);
INSERT INTO "product_categories"(parent_category_id, child_product_id) VALUES(7, 143);
INSERT INTO "product_categories"(parent_category_id, child_product_id) VALUES(7, 144);
INSERT INTO "product_categories"(parent_category_id, child_product_id) VALUES(7, 145);
INSERT INTO "product_categories"(parent_category_id, child_product_id) VALUES(7, 146);
INSERT INTO "product_categories"(parent_category_id, child_product_id) VALUES(7, 147);
INSERT INTO "product_categories"(parent_category_id, child_product_id) VALUES(7, 148);
INSERT INTO "product_categories"(parent_category_id, child_product_id) VALUES(7, 149);
INSERT INTO "product_categories"(parent_category_id, child_product_id) VALUES(7, 150);
INSERT INTO "product_categories"(parent_category_id, child_product_id) VALUES(7, 151);
INSERT INTO "product_categories"(parent_category_id, child_product_id) VALUES(7, 152);
INSERT INTO "product_categories"(parent_category_id, child_product_id) VALUES(7, 153);
INSERT INTO "product_categories"(parent_category_id, child_product_id) VALUES(7, 154);
INSERT INTO "product_categories"(parent_category_id, child_product_id) VALUES(7, 155);
INSERT INTO "product_categories"(parent_category_id, child_product_id) VALUES(10, 156);
INSERT INTO "product_categories"(parent_category_id, child_product_id) VALUES(10, 157);
INSERT INTO "product_categories"(parent_category_id, child_product_id) VALUES(10, 158);
INSERT INTO "product_categories"(parent_category_id, child_product_id) VALUES(10, 159);
INSERT INTO "product_categories"(parent_category_id, child_product_id) VALUES(10, 160);
INSERT INTO "product_categories"(parent_category_id, child_product_id) VALUES(10, 161);
INSERT INTO "product_categories"(parent_category_id, child_product_id) VALUES(10, 162);
INSERT INTO "product_categories"(parent_category_id, child_product_id) VALUES(10, 163);
INSERT INTO "product_categories"(parent_category_id, child_product_id) VALUES(10, 164);
INSERT INTO "product_categories"(parent_category_id, child_product_id) VALUES(10, 165);
INSERT INTO "product_categories"(parent_category_id, child_product_id) VALUES(10, 166);
INSERT INTO "product_categories"(parent_category_id, child_product_id) VALUES(10, 167);
INSERT INTO "product_categories"(parent_category_id, child_product_id) VALUES(10, 168);
INSERT INTO "product_categories"(parent_category_id, child_product_id) VALUES(12, 169);
INSERT INTO "product_categories"(parent_category_id, child_product_id) VALUES(7, 170);
INSERT INTO "product_categories"(parent_category_id, child_product_id) VALUES(7, 171);
INSERT INTO "product_categories"(parent_category_id, child_product_id) VALUES(7, 172);
INSERT INTO "product_categories"(parent_category_id, child_product_id) VALUES(7, 173);
INSERT INTO "product_categories"(parent_category_id, child_product_id) VALUES(7, 174);
INSERT INTO "product_categories"(parent_category_id, child_product_id) VALUES(7, 175);
INSERT INTO "product_categories"(parent_category_id, child_product_id) VALUES(7, 176);
INSERT INTO "product_categories"(parent_category_id, child_product_id) VALUES(7, 177);
INSERT INTO "product_categories"(parent_category_id, child_product_id) VALUES(7, 178);
INSERT INTO "product_categories"(parent_category_id, child_product_id) VALUES(7, 179);
INSERT INTO "product_categories"(parent_category_id, child_product_id) VALUES(7, 180);
INSERT INTO "product_categories"(parent_category_id, child_product_id) VALUES(7, 181);
INSERT INTO "product_categories"(parent_category_id, child_product_id) VALUES(7, 182);
INSERT INTO "product_categories"(parent_category_id, child_product_id) VALUES(10, 183);
INSERT INTO "product_categories"(parent_category_id, child_product_id) VALUES(10, 184);
INSERT INTO "product_categories"(parent_category_id, child_product_id) VALUES(10, 185);
INSERT INTO "product_categories"(parent_category_id, child_product_id) VALUES(10, 186);
INSERT INTO "product_categories"(parent_category_id, child_product_id) VALUES(10, 187);
INSERT INTO "product_categories"(parent_category_id, child_product_id) VALUES(10, 188);
INSERT INTO "product_categories"(parent_category_id, child_product_id) VALUES(10, 189);
INSERT INTO "product_categories"(parent_category_id, child_product_id) VALUES(10, 190);
INSERT INTO "product_categories"(parent_category_id, child_product_id) VALUES(10, 191);
INSERT INTO "product_categories"(parent_category_id, child_product_id) VALUES(10, 192);
INSERT INTO "product_categories"(parent_category_id, child_product_id) VALUES(10, 193);
INSERT INTO "product_categories"(parent_category_id, child_product_id) VALUES(10, 194);
INSERT INTO "product_categories"(parent_category_id, child_product_id) VALUES(10, 195);
INSERT INTO "product_categories"(parent_category_id, child_product_id) VALUES(10, 196);
INSERT INTO "product_categories"(parent_category_id, child_product_id) VALUES(10, 197);
INSERT INTO "product_categories"(parent_category_id, child_product_id) VALUES(10, 198);
INSERT INTO "product_categories"(parent_category_id, child_product_id) VALUES(10, 199);
INSERT INTO "product_categories"(parent_category_id, child_product_id) VALUES(10, 200);
INSERT INTO "product_categories"(parent_category_id, child_product_id) VALUES(10, 201);
INSERT INTO "product_categories"(parent_category_id, child_product_id) VALUES(10, 202);
INSERT INTO "product_categories"(parent_category_id, child_product_id) VALUES(15, 203);
INSERT INTO "product_categories"(parent_category_id, child_product_id) VALUES(15, 204);
INSERT INTO "product_categories"(parent_category_id, child_product_id) VALUES(15, 205);
INSERT INTO "product_categories"(parent_category_id, child_product_id) VALUES(12, 206);
INSERT INTO "product_categories"(parent_category_id, child_product_id) VALUES(12, 207);
INSERT INTO "product_categories"(parent_category_id, child_product_id) VALUES(12, 208);
INSERT INTO "product_categories"(parent_category_id, child_product_id) VALUES(12, 209);
INSERT INTO "product_categories"(parent_category_id, child_product_id) VALUES(12, 210);
INSERT INTO "product_categories"(parent_category_id, child_product_id) VALUES(12, 211);
INSERT INTO "product_categories"(parent_category_id, child_product_id) VALUES(12, 212);
INSERT INTO "product_categories"(parent_category_id, child_product_id) VALUES(12, 213);
INSERT INTO "product_categories"(parent_category_id, child_product_id) VALUES(12, 214);
INSERT INTO "product_categories"(parent_category_id, child_product_id) VALUES(12, 215);
INSERT INTO "product_categories"(parent_category_id, child_product_id) VALUES(12, 216);
INSERT INTO "product_categories"(parent_category_id, child_product_id) VALUES(12, 217);
INSERT INTO "product_categories"(parent_category_id, child_product_id) VALUES(12, 218);
INSERT INTO "product_categories"(parent_category_id, child_product_id) VALUES(8, 219);
INSERT INTO "product_categories"(parent_category_id, child_product_id) VALUES(8, 220);
INSERT INTO "product_categories"(parent_category_id, child_product_id) VALUES(8, 221);
INSERT INTO "product_categories"(parent_category_id, child_product_id) VALUES(8, 222);
INSERT INTO "product_categories"(parent_category_id, child_product_id) VALUES(8, 223);
INSERT INTO "product_categories"(parent_category_id, child_product_id) VALUES(8, 224);
INSERT INTO "product_categories"(parent_category_id, child_product_id) VALUES(8, 225);
INSERT INTO "product_categories"(parent_category_id, child_product_id) VALUES(8, 226);
INSERT INTO "product_categories"(parent_category_id, child_product_id) VALUES(8, 227);
INSERT INTO "product_categories"(parent_category_id, child_product_id) VALUES(8, 228);
INSERT INTO "product_categories"(parent_category_id, child_product_id) VALUES(8, 229);
INSERT INTO "product_categories"(parent_category_id, child_product_id) VALUES(8, 230);
INSERT INTO "product_categories"(parent_category_id, child_product_id) VALUES(8, 231);
INSERT INTO "product_categories"(parent_category_id, child_product_id) VALUES(8, 232);
INSERT INTO "product_categories"(parent_category_id, child_product_id) VALUES(8, 233);
INSERT INTO "product_categories"(parent_category_id, child_product_id) VALUES(8, 234);
INSERT INTO "product_categories"(parent_category_id, child_product_id) VALUES(8, 235);
INSERT INTO "product_categories"(parent_category_id, child_product_id) VALUES(8, 236);
INSERT INTO "product_categories"(parent_category_id, child_product_id) VALUES(16, 237);
INSERT INTO "product_categories"(parent_category_id, child_product_id) VALUES(16, 238);
INSERT INTO "product_categories"(parent_category_id, child_product_id) VALUES(16, 239);
INSERT INTO "product_categories"(parent_category_id, child_product_id) VALUES(16, 240);
INSERT INTO "product_categories"(parent_category_id, child_product_id) VALUES(16, 241);
INSERT INTO "product_categories"(parent_category_id, child_product_id) VALUES(16, 242);
INSERT INTO "product_categories"(parent_category_id, child_product_id) VALUES(16, 243);
INSERT INTO "product_categories"(parent_category_id, child_product_id) VALUES(16, 244);

INSERT INTO Variant(id, product_id, price, name) VALUES(0, 0, 30.0, '4/6/12 CN');
INSERT INTO Variant(id, product_id, price, name) VALUES(1, 1, 0.0, '750ML');
INSERT INTO Variant(id, product_id, price, name) VALUES(2, 1, 0.0, '1.0L');
INSERT INTO Variant(id, product_id, price, name) VALUES(3, 1, 0.0, '1.75L');
INSERT INTO Variant(id, product_id, price, name) VALUES(4, 2, 0.0, '1.0L');
INSERT INTO Variant(id, product_id, price, name) VALUES(5, 2, 0.0, '1.75L');
INSERT INTO Variant(id, product_id, price, name) VALUES(6, 3, 0.0, '750ML');
INSERT INTO Variant(id, product_id, price, name) VALUES(7, 4, 0.0, '750ML');
INSERT INTO Variant(id, product_id, price, name) VALUES(8, 5, 0.0, '750ML');
INSERT INTO Variant(id, product_id, price, name) VALUES(9, 5, 0.0, '1.0L');
INSERT INTO Variant(id, product_id, price, name) VALUES(10, 5, 0.0, '1.75L');
INSERT INTO Variant(id, product_id, price, name) VALUES(11, 6, 0.0, '1.0L');
INSERT INTO Variant(id, product_id, price, name) VALUES(12, 7, 0.0, '750ML');
INSERT INTO Variant(id, product_id, price, name) VALUES(13, 8, 0.0, '750ML');
INSERT INTO Variant(id, product_id, price, name) VALUES(14, 9, 0.0, '750ML');
INSERT INTO Variant(id, product_id, price, name) VALUES(15, 10, 0.0, '750ML');
INSERT INTO Variant(id, product_id, price, name) VALUES(16, 11, 0.0, '750ML');
INSERT INTO Variant(id, product_id, price, name) VALUES(17, 11, 0.0, '1.0L');
INSERT INTO Variant(id, product_id, price, name) VALUES(18, 11, 0.0, '1.75L');
INSERT INTO Variant(id, product_id, price, name) VALUES(19, 12, 0.0, '750ML');
INSERT INTO Variant(id, product_id, price, name) VALUES(20, 13, 0.0, '1.0L');
INSERT INTO Variant(id, product_id, price, name) VALUES(21, 13, 0.0, '1.75L');
INSERT INTO Variant(id, product_id, price, name) VALUES(22, 14, 0.0, '750ML');
INSERT INTO Variant(id, product_id, price, name) VALUES(23, 15, 0.0, '750ML');
INSERT INTO Variant(id, product_id, price, name) VALUES(24, 15, 0.0, '1.0L');
INSERT INTO Variant(id, product_id, price, name) VALUES(25, 15, 0.0, '1.75L');
INSERT INTO Variant(id, product_id, price, name) VALUES(26, 16, 0.0, '750ML');
INSERT INTO Variant(id, product_id, price, name) VALUES(27, 17, 0.0, '750ML');
INSERT INTO Variant(id, product_id, price, name) VALUES(28, 17, 0.0, '1.0L');
INSERT INTO Variant(id, product_id, price, name) VALUES(29, 17, 0.0, '1.75L');
INSERT INTO Variant(id, product_id, price, name) VALUES(30, 18, 0.0, '750ML');
INSERT INTO Variant(id, product_id, price, name) VALUES(31, 18, 0.0, '1.0L');
INSERT INTO Variant(id, product_id, price, name) VALUES(32, 18, 0.0, '1.75L');
INSERT INTO Variant(id, product_id, price, name) VALUES(33, 19, 0.0, '750ML');
INSERT INTO Variant(id, product_id, price, name) VALUES(34, 20, 0.0, '750ML');
INSERT INTO Variant(id, product_id, price, name) VALUES(35, 21, 0.0, '750ML');
INSERT INTO Variant(id, product_id, price, name) VALUES(36, 22, 0.0, '750ML');
INSERT INTO Variant(id, product_id, price, name) VALUES(37, 23, 0.0, '750ML');
INSERT INTO Variant(id, product_id, price, name) VALUES(38, 24, 0.0, '750ML');
INSERT INTO Variant(id, product_id, price, name) VALUES(39, 24, 0.0, '1.0L');
INSERT INTO Variant(id, product_id, price, name) VALUES(40, 24, 0.0, '1.75L');
INSERT INTO Variant(id, product_id, price, name) VALUES(41, 25, 0.0, '750ML');
INSERT INTO Variant(id, product_id, price, name) VALUES(42, 25, 0.0, '1.0L');
INSERT INTO Variant(id, product_id, price, name) VALUES(43, 25, 0.0, '1.75L');
INSERT INTO Variant(id, product_id, price, name) VALUES(44, 26, 0.0, '750ML');
INSERT INTO Variant(id, product_id, price, name) VALUES(45, 26, 0.0, '1.0L');
INSERT INTO Variant(id, product_id, price, name) VALUES(46, 27, 0.0, '750ML');
INSERT INTO Variant(id, product_id, price, name) VALUES(47, 28, 0.0, '750ML');
INSERT INTO Variant(id, product_id, price, name) VALUES(48, 29, 0.0, '750ML');
INSERT INTO Variant(id, product_id, price, name) VALUES(49, 30, 0.0, '750ML');
INSERT INTO Variant(id, product_id, price, name) VALUES(50, 31, 0.0, '750ML');
INSERT INTO Variant(id, product_id, price, name) VALUES(51, 31, 0.0, '1.75L');
INSERT INTO Variant(id, product_id, price, name) VALUES(52, 32, 0.0, '750ML');
INSERT INTO Variant(id, product_id, price, name) VALUES(53, 33, 0.0, '750ML');
INSERT INTO Variant(id, product_id, price, name) VALUES(54, 34, 0.0, '750ML');
INSERT INTO Variant(id, product_id, price, name) VALUES(55, 34, 0.0, '1.0L');
INSERT INTO Variant(id, product_id, price, name) VALUES(56, 34, 0.0, '1.75L');
INSERT INTO Variant(id, product_id, price, name) VALUES(57, 35, 0.0, '750ML');
INSERT INTO Variant(id, product_id, price, name) VALUES(58, 36, 0.0, '750ML');
INSERT INTO Variant(id, product_id, price, name) VALUES(59, 36, 0.0, '1.0L');
INSERT INTO Variant(id, product_id, price, name) VALUES(60, 36, 0.0, '1.75L');
INSERT INTO Variant(id, product_id, price, name) VALUES(61, 37, 0.0, '750ML');
INSERT INTO Variant(id, product_id, price, name) VALUES(62, 37, 0.0, '1.0L');
INSERT INTO Variant(id, product_id, price, name) VALUES(63, 38, 0.0, '750ML');
INSERT INTO Variant(id, product_id, price, name) VALUES(64, 39, 0.0, '750ML');
INSERT INTO Variant(id, product_id, price, name) VALUES(65, 40, 0.0, '750ML');
INSERT INTO Variant(id, product_id, price, name) VALUES(66, 40, 0.0, '1.0L');
INSERT INTO Variant(id, product_id, price, name) VALUES(67, 40, 0.0, '1.75L');
INSERT INTO Variant(id, product_id, price, name) VALUES(68, 41, 0.0, '750ML');
INSERT INTO Variant(id, product_id, price, name) VALUES(69, 42, 0.0, '750ML');
INSERT INTO Variant(id, product_id, price, name) VALUES(70, 43, 0.0, '750ML');
INSERT INTO Variant(id, product_id, price, name) VALUES(71, 44, 0.0, '750ML');
INSERT INTO Variant(id, product_id, price, name) VALUES(72, 45, 0.0, '750ML');
INSERT INTO Variant(id, product_id, price, name) VALUES(73, 45, 0.0, '1.75L');
INSERT INTO Variant(id, product_id, price, name) VALUES(74, 46, 0.0, '750ML');
INSERT INTO Variant(id, product_id, price, name) VALUES(75, 46, 0.0, '1.0L');
INSERT INTO Variant(id, product_id, price, name) VALUES(76, 46, 0.0, '1.75L');
INSERT INTO Variant(id, product_id, price, name) VALUES(77, 47, 0.0, '750ML');
INSERT INTO Variant(id, product_id, price, name) VALUES(78, 47, 0.0, '1.0L');
INSERT INTO Variant(id, product_id, price, name) VALUES(79, 47, 0.0, '1.75L');
INSERT INTO Variant(id, product_id, price, name) VALUES(80, 48, 0.0, '750ML');
INSERT INTO Variant(id, product_id, price, name) VALUES(81, 49, 0.0, '750ML');
INSERT INTO Variant(id, product_id, price, name) VALUES(82, 50, 145.0, '15.5G');
INSERT INTO Variant(id, product_id, price, name) VALUES(83, 51, 31.15, '4/6/12 LNNR BTL');
INSERT INTO Variant(id, product_id, price, name) VALUES(84, 52, 27.25, '4/6/12 LNNR');
INSERT INTO Variant(id, product_id, price, name) VALUES(85, 53, 36.0, '24/8 CN');
INSERT INTO Variant(id, product_id, price, name) VALUES(86, 54, 30.25, '12/22C');
INSERT INTO Variant(id, product_id, price, name) VALUES(87, 55, 30.35, '4/6/12 NR');
INSERT INTO Variant(id, product_id, price, name) VALUES(88, 56, 68.0, '5.16G');
INSERT INTO Variant(id, product_id, price, name) VALUES(89, 57, 31.15, '4/6/12 LNNR');
INSERT INTO Variant(id, product_id, price, name) VALUES(90, 58, 63.75, '9/50');
INSERT INTO Variant(id, product_id, price, name) VALUES(91, 59, 19.25, '1/1000');
INSERT INTO Variant(id, product_id, price, name) VALUES(92, 60, 25.5, '50/50');
INSERT INTO Variant(id, product_id, price, name) VALUES(93, 61, 0.0, '20/25');
INSERT INTO Variant(id, product_id, price, name) VALUES(94, 62, 49.22, '150/CS');
INSERT INTO Variant(id, product_id, price, name) VALUES(95, 63, 49.95, '300/CS');
INSERT INTO Variant(id, product_id, price, name) VALUES(96, 64, 0.0, '250/CS');
INSERT INTO Variant(id, product_id, price, name) VALUES(97, 65, 0.0, '1000/CS');
INSERT INTO Variant(id, product_id, price, name) VALUES(98, 66, 0.0, '1/12');
INSERT INTO Variant(id, product_id, price, name) VALUES(99, 67, 0.0, '16oz 20/25');
INSERT INTO Variant(id, product_id, price, name) VALUES(100, 68, 0.0, '2500');
INSERT INTO Variant(id, product_id, price, name) VALUES(101, 69, 0.0, '1000/CS');
INSERT INTO Variant(id, product_id, price, name) VALUES(102, 70, 23.75, '500');
INSERT INTO Variant(id, product_id, price, name) VALUES(103, 71, 0.0, '12X13 NAP S&P 250');
INSERT INTO Variant(id, product_id, price, name) VALUES(104, 72, 0.0, '1/40');
INSERT INTO Variant(id, product_id, price, name) VALUES(105, 73, 0.0, '500');
INSERT INTO Variant(id, product_id, price, name) VALUES(106, 74, 21.0, '6/12/2001');
INSERT INTO Variant(id, product_id, price, name) VALUES(107, 75, 0.0, '50RL');
INSERT INTO Variant(id, product_id, price, name) VALUES(108, 76, 85.0, '1/6 BBL');
INSERT INTO Variant(id, product_id, price, name) VALUES(109, 77, 72.0, '1/6 BBL');
INSERT INTO Variant(id, product_id, price, name) VALUES(110, 78, 31.6, '6PK LN');
INSERT INTO Variant(id, product_id, price, name) VALUES(111, 79, 25.7, '6PK LN');
INSERT INTO Variant(id, product_id, price, name) VALUES(112, 80, 33.55, '6PK LN');
INSERT INTO Variant(id, product_id, price, name) VALUES(113, 81, 30.0, '6PK LN');
INSERT INTO Variant(id, product_id, price, name) VALUES(114, 82, 64.0, '20L BBL');
INSERT INTO Variant(id, product_id, price, name) VALUES(115, 83, 24.1, '');
INSERT INTO Variant(id, product_id, price, name) VALUES(116, 84, 82.0, '1/6 BBL');
INSERT INTO Variant(id, product_id, price, name) VALUES(117, 85, 100.0, '1/6 BBL');
INSERT INTO Variant(id, product_id, price, name) VALUES(118, 86, 45.0, '6/4/12 CN');
INSERT INTO Variant(id, product_id, price, name) VALUES(119, 87, 126.0, '12x750ml');
INSERT INTO Variant(id, product_id, price, name) VALUES(120, 88, 99.0, '12x750ml');
INSERT INTO Variant(id, product_id, price, name) VALUES(121, 89, 144.24, '12x750ml');
INSERT INTO Variant(id, product_id, price, name) VALUES(122, 90, 144.0, '12x750ml');
INSERT INTO Variant(id, product_id, price, name) VALUES(123, 91, 76.5, '6x750ml');
INSERT INTO Variant(id, product_id, price, name) VALUES(124, 92, 63.75, '18LT');
INSERT INTO Variant(id, product_id, price, name) VALUES(125, 93, 225.0, '12x750ml');
INSERT INTO Variant(id, product_id, price, name) VALUES(126, 94, 116.88, '24x187ml');
INSERT INTO Variant(id, product_id, price, name) VALUES(127, 95, 81.0, '12x300ml');
INSERT INTO Variant(id, product_id, price, name) VALUES(128, 96, 45.0, '12x375ml');
INSERT INTO Variant(id, product_id, price, name) VALUES(129, 97, 81.0, '12x375ml');
INSERT INTO Variant(id, product_id, price, name) VALUES(130, 98, 81.0, '12x375ml');
INSERT INTO Variant(id, product_id, price, name) VALUES(131, 99, 30.0, '50LB');
INSERT INTO Variant(id, product_id, price, name) VALUES(132, 100, 9.95, '3/8.50#');
INSERT INTO Variant(id, product_id, price, name) VALUES(133, 101, 130.0, '10/56floz');
INSERT INTO Variant(id, product_id, price, name) VALUES(134, 102, 34.4, '4gal');
INSERT INTO Variant(id, product_id, price, name) VALUES(135, 103, 29.5, '5.00gal');
INSERT INTO Variant(id, product_id, price, name) VALUES(136, 104, 19.0, '6/3.63#');
INSERT INTO Variant(id, product_id, price, name) VALUES(137, 105, 26.0, '5.28gal');
INSERT INTO Variant(id, product_id, price, name) VALUES(138, 106, 18.0, '10x2.2#');
INSERT INTO Variant(id, product_id, price, name) VALUES(139, 107, 12.0, '5x200 SHT');
INSERT INTO Variant(id, product_id, price, name) VALUES(140, 108, 28.0, '40#');
INSERT INTO Variant(id, product_id, price, name) VALUES(141, 109, 2.0, '3/10/1.7oz');
INSERT INTO Variant(id, product_id, price, name) VALUES(142, 110, 41.0, '20x8.47oz');
INSERT INTO Variant(id, product_id, price, name) VALUES(143, 111, 98.0, '20/20P');
INSERT INTO Variant(id, product_id, price, name) VALUES(144, 112, 14.0, '12/12oz');
INSERT INTO Variant(id, product_id, price, name) VALUES(145, 113, 11.58, '24x1#');
INSERT INTO Variant(id, product_id, price, name) VALUES(146, 114, 19.8, '18/5.07floz');
INSERT INTO Variant(id, product_id, price, name) VALUES(147, 115, 25.0, '10/2#');
INSERT INTO Variant(id, product_id, price, name) VALUES(148, 116, 10.5, '1#');
INSERT INTO Variant(id, product_id, price, name) VALUES(149, 117, 35.0, '8x32oz');
INSERT INTO Variant(id, product_id, price, name) VALUES(150, 118, 115.0, '20x1.1#');
INSERT INTO Variant(id, product_id, price, name) VALUES(151, 119, 9.5, '1LB');
INSERT INTO Variant(id, product_id, price, name) VALUES(152, 120, 25.0, '20/1.00#');
INSERT INTO Variant(id, product_id, price, name) VALUES(153, 121, 3.25, '8/10/3.5oz');
INSERT INTO Variant(id, product_id, price, name) VALUES(154, 122, 294.5, '31#');
INSERT INTO Variant(id, product_id, price, name) VALUES(155, 123, 19.0, '18/5.07 FZ');
INSERT INTO Variant(id, product_id, price, name) VALUES(156, 124, 0.0, '40x12 PC');
INSERT INTO Variant(id, product_id, price, name) VALUES(157, 125, 39.0, '44#');
INSERT INTO Variant(id, product_id, price, name) VALUES(158, 126, 16.0, '24/11.5floz');
INSERT INTO Variant(id, product_id, price, name) VALUES(159, 127, 16.0, '24/11.5floz');
INSERT INTO Variant(id, product_id, price, name) VALUES(160, 128, 16.0, '24/11.5floz');
INSERT INTO Variant(id, product_id, price, name) VALUES(161, 129, 16.0, '24/11.5floz');
INSERT INTO Variant(id, product_id, price, name) VALUES(162, 130, 78.0, '12x300ml');
INSERT INTO Variant(id, product_id, price, name) VALUES(163, 131, 96.7, '12x300ml');
INSERT INTO Variant(id, product_id, price, name) VALUES(164, 132, 72.0, '12x300ml');
INSERT INTO Variant(id, product_id, price, name) VALUES(165, 133, 48.0, '12x300ml');
INSERT INTO Variant(id, product_id, price, name) VALUES(166, 134, 25.8, '6/60.8floz');
INSERT INTO Variant(id, product_id, price, name) VALUES(167, 135, 28.5, '50/5.3oz (W)');
INSERT INTO Variant(id, product_id, price, name) VALUES(168, 136, 108.0, '20/1.1# (30pc)');
INSERT INTO Variant(id, product_id, price, name) VALUES(169, 137, 110.0, '2/11#');
INSERT INTO Variant(id, product_id, price, name) VALUES(170, 138, 95.0, '20/20pc (white)');
INSERT INTO Variant(id, product_id, price, name) VALUES(171, 139, 25.0, '10/2.2#');
INSERT INTO Variant(id, product_id, price, name) VALUES(172, 140, 38.0, '24/16oz');
INSERT INTO Variant(id, product_id, price, name) VALUES(173, 141, 9.5, '20/30pc');
INSERT INTO Variant(id, product_id, price, name) VALUES(174, 142, 38.0, '10/2.2# (ab. 6pc)');
INSERT INTO Variant(id, product_id, price, name) VALUES(175, 143, 80.0, '10/100');
INSERT INTO Variant(id, product_id, price, name) VALUES(176, 144, 40.0, '20/10.5oz (10pc)');
INSERT INTO Variant(id, product_id, price, name) VALUES(177, 145, 9.0, '10/1#');
INSERT INTO Variant(id, product_id, price, name) VALUES(178, 146, 16.0, '12/1.1# (500g)');
INSERT INTO Variant(id, product_id, price, name) VALUES(179, 147, 16.0, '4.4# (no MSG');
INSERT INTO Variant(id, product_id, price, name) VALUES(180, 147, 16.0, ' seaweed)');
INSERT INTO Variant(id, product_id, price, name) VALUES(181, 148, 29.8, '20#/Tub');
INSERT INTO Variant(id, product_id, price, name) VALUES(182, 149, 28.0, '4.4#');
INSERT INTO Variant(id, product_id, price, name) VALUES(183, 150, 18.5, '4/1#');
INSERT INTO Variant(id, product_id, price, name) VALUES(184, 151, 227.0, '2/11#(AB. 1/7#/pc)');
INSERT INTO Variant(id, product_id, price, name) VALUES(185, 151, 227.0, ' Indone');
INSERT INTO Variant(id, product_id, price, name) VALUES(186, 152, 264.0, '24/1#');
INSERT INTO Variant(id, product_id, price, name) VALUES(187, 153, 10.6, '24/1.1#(82435)');
INSERT INTO Variant(id, product_id, price, name) VALUES(188, 154, 36.5, '8/32oz');
INSERT INTO Variant(id, product_id, price, name) VALUES(189, 155, 16.0, '12/1.1#(500mg)');
INSERT INTO Variant(id, product_id, price, name) VALUES(190, 156, 13.2, '20x1#');
INSERT INTO Variant(id, product_id, price, name) VALUES(191, 157, 48.5, '5gal');
INSERT INTO Variant(id, product_id, price, name) VALUES(192, 158, 29.0, '5gal');
INSERT INTO Variant(id, product_id, price, name) VALUES(193, 159, 29.0, '12x25floz');
INSERT INTO Variant(id, product_id, price, name) VALUES(194, 160, 28.5, '50#');
INSERT INTO Variant(id, product_id, price, name) VALUES(195, 161, 5.8, '30x10.5oz');
INSERT INTO Variant(id, product_id, price, name) VALUES(196, 162, 10.8, '3x8.5#');
INSERT INTO Variant(id, product_id, price, name) VALUES(197, 163, 40.0, '45#');
INSERT INTO Variant(id, product_id, price, name) VALUES(198, 164, 25.5, '12x28oz');
INSERT INTO Variant(id, product_id, price, name) VALUES(199, 165, 28.8, '12x32floz');
INSERT INTO Variant(id, product_id, price, name) VALUES(200, 166, 13.7, '6x64oz');
INSERT INTO Variant(id, product_id, price, name) VALUES(201, 167, 18.0, '500/0.25floz');
INSERT INTO Variant(id, product_id, price, name) VALUES(202, 168, 140.8, '10/2.2#');
INSERT INTO Variant(id, product_id, price, name) VALUES(203, 169, 9.35, '~6.0#');
INSERT INTO Variant(id, product_id, price, name) VALUES(204, 170, 63.0, '5x2#');
INSERT INTO Variant(id, product_id, price, name) VALUES(205, 171, 6.95, '1#');
INSERT INTO Variant(id, product_id, price, name) VALUES(206, 172, 6.95, '1#');
INSERT INTO Variant(id, product_id, price, name) VALUES(207, 173, 99.5, '100ct');
INSERT INTO Variant(id, product_id, price, name) VALUES(208, 174, 17.95, '1#');
INSERT INTO Variant(id, product_id, price, name) VALUES(209, 175, 16.95, '1#');
INSERT INTO Variant(id, product_id, price, name) VALUES(210, 176, 86.33, '100ct');
INSERT INTO Variant(id, product_id, price, name) VALUES(211, 177, 99.0, '100ct');
INSERT INTO Variant(id, product_id, price, name) VALUES(212, 178, 15.0, '10ct/tr');
INSERT INTO Variant(id, product_id, price, name) VALUES(213, 179, 18.15, '12oz');
INSERT INTO Variant(id, product_id, price, name) VALUES(214, 180, 109.65, '17#');
INSERT INTO Variant(id, product_id, price, name) VALUES(215, 181, 11.25, '1#');
INSERT INTO Variant(id, product_id, price, name) VALUES(216, 182, 17.65, '5#');
INSERT INTO Variant(id, product_id, price, name) VALUES(217, 183, 10.99, '13oz');
INSERT INTO Variant(id, product_id, price, name) VALUES(218, 184, 32.76, '12x28oz');
INSERT INTO Variant(id, product_id, price, name) VALUES(219, 185, 30.67, '60x2.25oz');
INSERT INTO Variant(id, product_id, price, name) VALUES(220, 186, 23.78, '10#');
INSERT INTO Variant(id, product_id, price, name) VALUES(221, 187, 61.94, '6x1gal');
INSERT INTO Variant(id, product_id, price, name) VALUES(222, 188, 20.86, '12x7oz');
INSERT INTO Variant(id, product_id, price, name) VALUES(223, 189, 17.79, '1x35#');
INSERT INTO Variant(id, product_id, price, name) VALUES(224, 190, 59.76, '4x46oz');
INSERT INTO Variant(id, product_id, price, name) VALUES(225, 191, 7.96, '8oz');
INSERT INTO Variant(id, product_id, price, name) VALUES(226, 192, 12.89, '1#');
INSERT INTO Variant(id, product_id, price, name) VALUES(227, 193, 13.46, '5oz');
INSERT INTO Variant(id, product_id, price, name) VALUES(228, 194, 9.95, '1#');
INSERT INTO Variant(id, product_id, price, name) VALUES(229, 195, 23.71, '6x3.5#');
INSERT INTO Variant(id, product_id, price, name) VALUES(230, 196, 46.78, '6x1gal');
INSERT INTO Variant(id, product_id, price, name) VALUES(231, 197, 9.75, '24oz');
INSERT INTO Variant(id, product_id, price, name) VALUES(232, 198, 36.83, '1000ea');
INSERT INTO Variant(id, product_id, price, name) VALUES(233, 199, 50.77, '24x13.5oz');
INSERT INTO Variant(id, product_id, price, name) VALUES(234, 200, 6.91, '14oz');
INSERT INTO Variant(id, product_id, price, name) VALUES(235, 201, 6.83, '20oz');
INSERT INTO Variant(id, product_id, price, name) VALUES(236, 202, 18.37, '19.5oz');
INSERT INTO Variant(id, product_id, price, name) VALUES(237, 203, 90.76, '6x5#');
INSERT INTO Variant(id, product_id, price, name) VALUES(238, 204, 26.83, '4x5#');
INSERT INTO Variant(id, product_id, price, name) VALUES(239, 205, 5.97, '18ct');
INSERT INTO Variant(id, product_id, price, name) VALUES(240, 206, 57.46, '4x1 PC');
INSERT INTO Variant(id, product_id, price, name) VALUES(241, 207, 7.99, '2x5#');
INSERT INTO Variant(id, product_id, price, name) VALUES(242, 208, 272.49, '30x2#UP');
INSERT INTO Variant(id, product_id, price, name) VALUES(243, 209, 30.33, '2x5#');
INSERT INTO Variant(id, product_id, price, name) VALUES(244, 210, 49.94, '5x2#');
INSERT INTO Variant(id, product_id, price, name) VALUES(245, 211, 40.89, '1x40#');
INSERT INTO Variant(id, product_id, price, name) VALUES(246, 212, 154.19, '3x10-12#');
INSERT INTO Variant(id, product_id, price, name) VALUES(247, 213, 59.97, '40x25ct');
INSERT INTO Variant(id, product_id, price, name) VALUES(248, 214, 24.26, '8x12ct');
INSERT INTO Variant(id, product_id, price, name) VALUES(249, 215, 537.16, '6x5#UP');
INSERT INTO Variant(id, product_id, price, name) VALUES(250, 216, 36.76, '6x12ct');
INSERT INTO Variant(id, product_id, price, name) VALUES(251, 217, 54.89, '3x3# avg');
INSERT INTO Variant(id, product_id, price, name) VALUES(252, 218, 30.87, '2x5#');
INSERT INTO Variant(id, product_id, price, name) VALUES(253, 219, 26.62, '1x2.5gal');
INSERT INTO Variant(id, product_id, price, name) VALUES(254, 220, 32.99, '2x2L');
INSERT INTO Variant(id, product_id, price, name) VALUES(255, 221, 60.76, '10x100ct');
INSERT INTO Variant(id, product_id, price, name) VALUES(256, 222, 24.95, '4x100ct');
INSERT INTO Variant(id, product_id, price, name) VALUES(257, 223, 15.99, '4x100ct');
INSERT INTO Variant(id, product_id, price, name) VALUES(258, 224, 15.99, '4x100ct');
INSERT INTO Variant(id, product_id, price, name) VALUES(259, 225, 35.86, '100x60gal');
INSERT INTO Variant(id, product_id, price, name) VALUES(260, 226, 62.83, '80ea');
INSERT INTO Variant(id, product_id, price, name) VALUES(261, 227, 26.74, '4x1gal');
INSERT INTO Variant(id, product_id, price, name) VALUES(262, 228, 59.81, '6x700ft');
INSERT INTO Variant(id, product_id, price, name) VALUES(263, 229, 59.95, '2.5gal');
INSERT INTO Variant(id, product_id, price, name) VALUES(264, 230, 23.87, '100x18"');
INSERT INTO Variant(id, product_id, price, name) VALUES(265, 231, 27.97, '12x8x4"');
INSERT INTO Variant(id, product_id, price, name) VALUES(266, 232, 34.79, '100x0.5oz');
INSERT INTO Variant(id, product_id, price, name) VALUES(267, 233, 44.76, '26x8oz');
INSERT INTO Variant(id, product_id, price, name) VALUES(268, 234, 36.79, '4x250ct');
INSERT INTO Variant(id, product_id, price, name) VALUES(269, 235, 7.93, '1000ct');
INSERT INTO Variant(id, product_id, price, name) VALUES(270, 236, 45.71, '21ct');
INSERT INTO Variant(id, product_id, price, name) VALUES(271, 237, 26.99, '48ct');
INSERT INTO Variant(id, product_id, price, name) VALUES(272, 238, 58.95, '25#');
INSERT INTO Variant(id, product_id, price, name) VALUES(273, 239, 22.82, '55ct');
INSERT INTO Variant(id, product_id, price, name) VALUES(274, 240, 23.89, '12ct');
INSERT INTO Variant(id, product_id, price, name) VALUES(275, 241, 22.73, '7#');
INSERT INTO Variant(id, product_id, price, name) VALUES(276, 242, 18.91, '5#');
INSERT INTO Variant(id, product_id, price, name) VALUES(277, 243, 33.94, '4x2#');
INSERT INTO Variant(id, product_id, price, name) VALUES(278, 244, 48.95, '25#');

INSERT INTO vendor_product(id, price, variant_id, vendor_id, item_code, upc) VALUES(0, 30.0, 0, 0, '14116', null);
INSERT INTO vendor_product(id, price, variant_id, vendor_id, item_code, upc) VALUES(1, 0.0, 1, 1, null, null);
INSERT INTO vendor_product(id, price, variant_id, vendor_id, item_code, upc) VALUES(2, 0.0, 2, 1, null, null);
INSERT INTO vendor_product(id, price, variant_id, vendor_id, item_code, upc) VALUES(3, 0.0, 3, 1, null, null);
INSERT INTO vendor_product(id, price, variant_id, vendor_id, item_code, upc) VALUES(4, 0.0, 4, 1, null, null);
INSERT INTO vendor_product(id, price, variant_id, vendor_id, item_code, upc) VALUES(5, 0.0, 5, 1, null, null);
INSERT INTO vendor_product(id, price, variant_id, vendor_id, item_code, upc) VALUES(6, 0.0, 6, 1, null, null);
INSERT INTO vendor_product(id, price, variant_id, vendor_id, item_code, upc) VALUES(7, 0.0, 7, 1, null, null);
INSERT INTO vendor_product(id, price, variant_id, vendor_id, item_code, upc) VALUES(8, 0.0, 8, 1, null, null);
INSERT INTO vendor_product(id, price, variant_id, vendor_id, item_code, upc) VALUES(9, 0.0, 9, 1, null, null);
INSERT INTO vendor_product(id, price, variant_id, vendor_id, item_code, upc) VALUES(10, 0.0, 10, 1, null, null);
INSERT INTO vendor_product(id, price, variant_id, vendor_id, item_code, upc) VALUES(11, 0.0, 11, 1, null, null);
INSERT INTO vendor_product(id, price, variant_id, vendor_id, item_code, upc) VALUES(12, 0.0, 12, 1, null, null);
INSERT INTO vendor_product(id, price, variant_id, vendor_id, item_code, upc) VALUES(13, 0.0, 13, 1, null, null);
INSERT INTO vendor_product(id, price, variant_id, vendor_id, item_code, upc) VALUES(14, 0.0, 14, 1, null, null);
INSERT INTO vendor_product(id, price, variant_id, vendor_id, item_code, upc) VALUES(15, 0.0, 15, 1, null, null);
INSERT INTO vendor_product(id, price, variant_id, vendor_id, item_code, upc) VALUES(16, 0.0, 16, 1, null, null);
INSERT INTO vendor_product(id, price, variant_id, vendor_id, item_code, upc) VALUES(17, 0.0, 17, 1, null, null);
INSERT INTO vendor_product(id, price, variant_id, vendor_id, item_code, upc) VALUES(18, 0.0, 18, 1, null, null);
INSERT INTO vendor_product(id, price, variant_id, vendor_id, item_code, upc) VALUES(19, 0.0, 19, 1, null, null);
INSERT INTO vendor_product(id, price, variant_id, vendor_id, item_code, upc) VALUES(20, 0.0, 20, 1, null, null);
INSERT INTO vendor_product(id, price, variant_id, vendor_id, item_code, upc) VALUES(21, 0.0, 21, 1, null, null);
INSERT INTO vendor_product(id, price, variant_id, vendor_id, item_code, upc) VALUES(22, 0.0, 22, 1, null, null);
INSERT INTO vendor_product(id, price, variant_id, vendor_id, item_code, upc) VALUES(23, 0.0, 23, 1, null, null);
INSERT INTO vendor_product(id, price, variant_id, vendor_id, item_code, upc) VALUES(24, 0.0, 24, 1, null, null);
INSERT INTO vendor_product(id, price, variant_id, vendor_id, item_code, upc) VALUES(25, 0.0, 25, 1, null, null);
INSERT INTO vendor_product(id, price, variant_id, vendor_id, item_code, upc) VALUES(26, 0.0, 26, 1, null, null);
INSERT INTO vendor_product(id, price, variant_id, vendor_id, item_code, upc) VALUES(27, 0.0, 27, 1, null, null);
INSERT INTO vendor_product(id, price, variant_id, vendor_id, item_code, upc) VALUES(28, 0.0, 28, 1, null, null);
INSERT INTO vendor_product(id, price, variant_id, vendor_id, item_code, upc) VALUES(29, 0.0, 29, 1, null, null);
INSERT INTO vendor_product(id, price, variant_id, vendor_id, item_code, upc) VALUES(30, 0.0, 30, 1, null, null);
INSERT INTO vendor_product(id, price, variant_id, vendor_id, item_code, upc) VALUES(31, 0.0, 31, 1, null, null);
INSERT INTO vendor_product(id, price, variant_id, vendor_id, item_code, upc) VALUES(32, 0.0, 32, 1, null, null);
INSERT INTO vendor_product(id, price, variant_id, vendor_id, item_code, upc) VALUES(33, 0.0, 33, 1, null, null);
INSERT INTO vendor_product(id, price, variant_id, vendor_id, item_code, upc) VALUES(34, 0.0, 34, 1, null, null);
INSERT INTO vendor_product(id, price, variant_id, vendor_id, item_code, upc) VALUES(35, 0.0, 35, 1, null, null);
INSERT INTO vendor_product(id, price, variant_id, vendor_id, item_code, upc) VALUES(36, 0.0, 36, 1, null, null);
INSERT INTO vendor_product(id, price, variant_id, vendor_id, item_code, upc) VALUES(37, 0.0, 37, 1, null, null);
INSERT INTO vendor_product(id, price, variant_id, vendor_id, item_code, upc) VALUES(38, 0.0, 38, 1, null, null);
INSERT INTO vendor_product(id, price, variant_id, vendor_id, item_code, upc) VALUES(39, 0.0, 39, 1, null, null);
INSERT INTO vendor_product(id, price, variant_id, vendor_id, item_code, upc) VALUES(40, 0.0, 40, 1, null, null);
INSERT INTO vendor_product(id, price, variant_id, vendor_id, item_code, upc) VALUES(41, 0.0, 41, 1, null, null);
INSERT INTO vendor_product(id, price, variant_id, vendor_id, item_code, upc) VALUES(42, 0.0, 42, 1, null, null);
INSERT INTO vendor_product(id, price, variant_id, vendor_id, item_code, upc) VALUES(43, 0.0, 43, 1, null, null);
INSERT INTO vendor_product(id, price, variant_id, vendor_id, item_code, upc) VALUES(44, 0.0, 44, 1, null, null);
INSERT INTO vendor_product(id, price, variant_id, vendor_id, item_code, upc) VALUES(45, 0.0, 45, 1, null, null);
INSERT INTO vendor_product(id, price, variant_id, vendor_id, item_code, upc) VALUES(46, 0.0, 46, 1, null, null);
INSERT INTO vendor_product(id, price, variant_id, vendor_id, item_code, upc) VALUES(47, 0.0, 47, 1, null, null);
INSERT INTO vendor_product(id, price, variant_id, vendor_id, item_code, upc) VALUES(48, 0.0, 48, 1, null, null);
INSERT INTO vendor_product(id, price, variant_id, vendor_id, item_code, upc) VALUES(49, 0.0, 49, 1, null, null);
INSERT INTO vendor_product(id, price, variant_id, vendor_id, item_code, upc) VALUES(50, 0.0, 50, 1, null, null);
INSERT INTO vendor_product(id, price, variant_id, vendor_id, item_code, upc) VALUES(51, 0.0, 51, 1, null, null);
INSERT INTO vendor_product(id, price, variant_id, vendor_id, item_code, upc) VALUES(52, 0.0, 52, 1, null, null);
INSERT INTO vendor_product(id, price, variant_id, vendor_id, item_code, upc) VALUES(53, 0.0, 53, 1, null, null);
INSERT INTO vendor_product(id, price, variant_id, vendor_id, item_code, upc) VALUES(54, 0.0, 54, 1, null, null);
INSERT INTO vendor_product(id, price, variant_id, vendor_id, item_code, upc) VALUES(55, 0.0, 55, 1, null, null);
INSERT INTO vendor_product(id, price, variant_id, vendor_id, item_code, upc) VALUES(56, 0.0, 56, 1, null, null);
INSERT INTO vendor_product(id, price, variant_id, vendor_id, item_code, upc) VALUES(57, 0.0, 57, 1, null, null);
INSERT INTO vendor_product(id, price, variant_id, vendor_id, item_code, upc) VALUES(58, 0.0, 58, 1, null, null);
INSERT INTO vendor_product(id, price, variant_id, vendor_id, item_code, upc) VALUES(59, 0.0, 59, 1, null, null);
INSERT INTO vendor_product(id, price, variant_id, vendor_id, item_code, upc) VALUES(60, 0.0, 60, 1, null, null);
INSERT INTO vendor_product(id, price, variant_id, vendor_id, item_code, upc) VALUES(61, 0.0, 61, 1, null, null);
INSERT INTO vendor_product(id, price, variant_id, vendor_id, item_code, upc) VALUES(62, 0.0, 62, 1, null, null);
INSERT INTO vendor_product(id, price, variant_id, vendor_id, item_code, upc) VALUES(63, 0.0, 63, 1, null, null);
INSERT INTO vendor_product(id, price, variant_id, vendor_id, item_code, upc) VALUES(64, 0.0, 64, 1, null, null);
INSERT INTO vendor_product(id, price, variant_id, vendor_id, item_code, upc) VALUES(65, 0.0, 65, 1, null, null);
INSERT INTO vendor_product(id, price, variant_id, vendor_id, item_code, upc) VALUES(66, 0.0, 66, 1, null, null);
INSERT INTO vendor_product(id, price, variant_id, vendor_id, item_code, upc) VALUES(67, 0.0, 67, 1, null, null);
INSERT INTO vendor_product(id, price, variant_id, vendor_id, item_code, upc) VALUES(68, 0.0, 68, 1, null, null);
INSERT INTO vendor_product(id, price, variant_id, vendor_id, item_code, upc) VALUES(69, 0.0, 69, 1, null, null);
INSERT INTO vendor_product(id, price, variant_id, vendor_id, item_code, upc) VALUES(70, 0.0, 70, 1, null, null);
INSERT INTO vendor_product(id, price, variant_id, vendor_id, item_code, upc) VALUES(71, 0.0, 71, 1, null, null);
INSERT INTO vendor_product(id, price, variant_id, vendor_id, item_code, upc) VALUES(72, 0.0, 72, 1, null, null);
INSERT INTO vendor_product(id, price, variant_id, vendor_id, item_code, upc) VALUES(73, 0.0, 73, 1, null, null);
INSERT INTO vendor_product(id, price, variant_id, vendor_id, item_code, upc) VALUES(74, 0.0, 74, 1, null, null);
INSERT INTO vendor_product(id, price, variant_id, vendor_id, item_code, upc) VALUES(75, 0.0, 75, 1, null, null);
INSERT INTO vendor_product(id, price, variant_id, vendor_id, item_code, upc) VALUES(76, 0.0, 76, 1, null, null);
INSERT INTO vendor_product(id, price, variant_id, vendor_id, item_code, upc) VALUES(77, 0.0, 77, 1, null, null);
INSERT INTO vendor_product(id, price, variant_id, vendor_id, item_code, upc) VALUES(78, 0.0, 78, 1, null, null);
INSERT INTO vendor_product(id, price, variant_id, vendor_id, item_code, upc) VALUES(79, 0.0, 79, 1, null, null);
INSERT INTO vendor_product(id, price, variant_id, vendor_id, item_code, upc) VALUES(80, 0.0, 80, 1, null, null);
INSERT INTO vendor_product(id, price, variant_id, vendor_id, item_code, upc) VALUES(81, 0.0, 81, 1, null, null);
INSERT INTO vendor_product(id, price, variant_id, vendor_id, item_code, upc) VALUES(82, 145.0, 82, 2, '35978', null);
INSERT INTO vendor_product(id, price, variant_id, vendor_id, item_code, upc) VALUES(83, 31.15, 83, 2, '10798', '040063175468');
INSERT INTO vendor_product(id, price, variant_id, vendor_id, item_code, upc) VALUES(84, 27.25, 84, 2, '10362', '018200059896');
INSERT INTO vendor_product(id, price, variant_id, vendor_id, item_code, upc) VALUES(85, 36.0, 85, 2, '69050', '611269991246');
INSERT INTO vendor_product(id, price, variant_id, vendor_id, item_code, upc) VALUES(86, 30.25, 86, 2, '39670', null);
INSERT INTO vendor_product(id, price, variant_id, vendor_id, item_code, upc) VALUES(87, 30.35, 87, 2, '30554', '038766361202');
INSERT INTO vendor_product(id, price, variant_id, vendor_id, item_code, upc) VALUES(88, 68.0, 88, 2, '30870', null);
INSERT INTO vendor_product(id, price, variant_id, vendor_id, item_code, upc) VALUES(89, 31.15, 89, 2, '10794', '040063116782');
INSERT INTO vendor_product(id, price, variant_id, vendor_id, item_code, upc) VALUES(90, 63.75, 90, 3, 'FTB1BK', null);
INSERT INTO vendor_product(id, price, variant_id, vendor_id, item_code, upc) VALUES(91, 19.25, 91, 3, 'RPPBB6', null);
INSERT INTO vendor_product(id, price, variant_id, vendor_id, item_code, upc) VALUES(92, 25.5, 92, 3, null, null);
INSERT INTO vendor_product(id, price, variant_id, vendor_id, item_code, upc) VALUES(93, 0.0, 93, 3, 'PFC16N', null);
INSERT INTO vendor_product(id, price, variant_id, vendor_id, item_code, upc) VALUES(94, 49.22, 94, 3, 'CUBCO632B', null);
INSERT INTO vendor_product(id, price, variant_id, vendor_id, item_code, upc) VALUES(95, 49.95, 95, 3, 'FTB8BK', null);
INSERT INTO vendor_product(id, price, variant_id, vendor_id, item_code, upc) VALUES(96, 0.0, 96, 3, 'DCCC90PST1', null);
INSERT INTO vendor_product(id, price, variant_id, vendor_id, item_code, upc) VALUES(97, 0.0, 97, 3, 'TCE16', null);
INSERT INTO vendor_product(id, price, variant_id, vendor_id, item_code, upc) VALUES(98, 0.0, 98, 3, 'RGB49', null);
INSERT INTO vendor_product(id, price, variant_id, vendor_id, item_code, upc) VALUES(99, 0.0, 99, 3, 'CL16PP', null);
INSERT INTO vendor_product(id, price, variant_id, vendor_id, item_code, upc) VALUES(100, 0.0, 100, 3, 'PCLT2', null);
INSERT INTO vendor_product(id, price, variant_id, vendor_id, item_code, upc) VALUES(101, 0.0, 101, 3, 'TCEL1424', null);
INSERT INTO vendor_product(id, price, variant_id, vendor_id, item_code, upc) VALUES(102, 23.75, 102, 3, '4KP203B09', null);
INSERT INTO vendor_product(id, price, variant_id, vendor_id, item_code, upc) VALUES(103, 0.0, 103, 3, '6KS308W', null);
INSERT INTO vendor_product(id, price, variant_id, vendor_id, item_code, upc) VALUES(104, 0.0, 104, 3, 'S965', null);
INSERT INTO vendor_product(id, price, variant_id, vendor_id, item_code, upc) VALUES(105, 0.0, 105, 3, 'S-13237', null);
INSERT INTO vendor_product(id, price, variant_id, vendor_id, item_code, upc) VALUES(106, 21.0, 106, 3, 'S730/6', null);
INSERT INTO vendor_product(id, price, variant_id, vendor_id, item_code, upc) VALUES(107, 0.0, 107, 3, 'T318230050', null);
INSERT INTO vendor_product(id, price, variant_id, vendor_id, item_code, upc) VALUES(108, 85.0, 108, 4, '10518', null);
INSERT INTO vendor_product(id, price, variant_id, vendor_id, item_code, upc) VALUES(109, 72.0, 109, 4, '400157', null);
INSERT INTO vendor_product(id, price, variant_id, vendor_id, item_code, upc) VALUES(110, 31.6, 110, 4, '312205', null);
INSERT INTO vendor_product(id, price, variant_id, vendor_id, item_code, upc) VALUES(111, 25.7, 111, 4, '57205', null);
INSERT INTO vendor_product(id, price, variant_id, vendor_id, item_code, upc) VALUES(112, 33.55, 112, 4, '900205', null);
INSERT INTO vendor_product(id, price, variant_id, vendor_id, item_code, upc) VALUES(113, 30.0, 113, 4, '301205', null);
INSERT INTO vendor_product(id, price, variant_id, vendor_id, item_code, upc) VALUES(114, 64.0, 114, 4, '312156', null);
INSERT INTO vendor_product(id, price, variant_id, vendor_id, item_code, upc) VALUES(115, 24.1, 115, 4, '57205', null);
INSERT INTO vendor_product(id, price, variant_id, vendor_id, item_code, upc) VALUES(116, 82.0, 116, 5, '883', null);
INSERT INTO vendor_product(id, price, variant_id, vendor_id, item_code, upc) VALUES(117, 100.0, 117, 5, '2433', null);
INSERT INTO vendor_product(id, price, variant_id, vendor_id, item_code, upc) VALUES(118, 45.0, 118, 5, '2110', null);
INSERT INTO vendor_product(id, price, variant_id, vendor_id, item_code, upc) VALUES(119, 126.0, 119, 6, '0326975', '018138509821');
INSERT INTO vendor_product(id, price, variant_id, vendor_id, item_code, upc) VALUES(120, 99.0, 120, 6, '0237171', '813942010958');
INSERT INTO vendor_product(id, price, variant_id, vendor_id, item_code, upc) VALUES(121, 144.24, 121, 6, '0922923', '085000016145');
INSERT INTO vendor_product(id, price, variant_id, vendor_id, item_code, upc) VALUES(122, 144.0, 122, 6, '0465102', null);
INSERT INTO vendor_product(id, price, variant_id, vendor_id, item_code, upc) VALUES(123, 76.5, 123, 6, '0406585', '728817199600');
INSERT INTO vendor_product(id, price, variant_id, vendor_id, item_code, upc) VALUES(124, 63.75, 124, 6, '0406578', '728817199150');
INSERT INTO vendor_product(id, price, variant_id, vendor_id, item_code, upc) VALUES(125, 225.0, 125, 6, '0925362', '080887551017');
INSERT INTO vendor_product(id, price, variant_id, vendor_id, item_code, upc) VALUES(126, 116.88, 126, 6, '0357001', '085000022436');
INSERT INTO vendor_product(id, price, variant_id, vendor_id, item_code, upc) VALUES(127, 81.0, 127, 6, '0323798', '086395520002');
INSERT INTO vendor_product(id, price, variant_id, vendor_id, item_code, upc) VALUES(128, 45.0, 128, 6, '0005966', '086395094510');
INSERT INTO vendor_product(id, price, variant_id, vendor_id, item_code, upc) VALUES(129, 81.0, 129, 6, '0393360', '086395180107');
INSERT INTO vendor_product(id, price, variant_id, vendor_id, item_code, upc) VALUES(130, 81.0, 130, 6, '0482238', '086395180404');
INSERT INTO vendor_product(id, price, variant_id, vendor_id, item_code, upc) VALUES(131, 30.0, 131, 7, '03503', '011152035031');
INSERT INTO vendor_product(id, price, variant_id, vendor_id, item_code, upc) VALUES(132, 9.95, 132, 7, '26244', '024463061248');
INSERT INTO vendor_product(id, price, variant_id, vendor_id, item_code, upc) VALUES(133, 130.0, 133, 7, '10995', '01282200904');
INSERT INTO vendor_product(id, price, variant_id, vendor_id, item_code, upc) VALUES(134, 34.4, 134, 7, '2200', '041390001741');
INSERT INTO vendor_product(id, price, variant_id, vendor_id, item_code, upc) VALUES(135, 29.5, 135, 7, '1441', '041390001826');
INSERT INTO vendor_product(id, price, variant_id, vendor_id, item_code, upc) VALUES(136, 19.0, 136, 7, '29059', '4972370147219');
INSERT INTO vendor_product(id, price, variant_id, vendor_id, item_code, upc) VALUES(137, 26.0, 137, 7, '13341', '070641019501');
INSERT INTO vendor_product(id, price, variant_id, vendor_id, item_code, upc) VALUES(138, 18.0, 138, 7, '10125', '011152101255');
INSERT INTO vendor_product(id, price, variant_id, vendor_id, item_code, upc) VALUES(139, 12.0, 139, 7, '46259', '011152462592');
INSERT INTO vendor_product(id, price, variant_id, vendor_id, item_code, upc) VALUES(140, 28.0, 140, 7, '555', '011152005553');
INSERT INTO vendor_product(id, price, variant_id, vendor_id, item_code, upc) VALUES(141, 2.0, 141, 7, '27641', '011152276410');
INSERT INTO vendor_product(id, price, variant_id, vendor_id, item_code, upc) VALUES(142, 41.0, 142, 7, '20286', '071757055483');
INSERT INTO vendor_product(id, price, variant_id, vendor_id, item_code, upc) VALUES(143, 98.0, 143, 7, '09616', '8994855010906');
INSERT INTO vendor_product(id, price, variant_id, vendor_id, item_code, upc) VALUES(144, 14.0, 144, 7, '10176', '071533030017');
INSERT INTO vendor_product(id, price, variant_id, vendor_id, item_code, upc) VALUES(145, 11.58, 145, 7, null, '712038250929');
INSERT INTO vendor_product(id, price, variant_id, vendor_id, item_code, upc) VALUES(146, 19.8, 146, 7, '29029', '853558002442');
INSERT INTO vendor_product(id, price, variant_id, vendor_id, item_code, upc) VALUES(147, 25.0, 147, 7, '49055', '011152490557');
INSERT INTO vendor_product(id, price, variant_id, vendor_id, item_code, upc) VALUES(148, 10.5, 148, 7, '44433', null);
INSERT INTO vendor_product(id, price, variant_id, vendor_id, item_code, upc) VALUES(149, 35.0, 149, 7, '24307', '798782451119');
INSERT INTO vendor_product(id, price, variant_id, vendor_id, item_code, upc) VALUES(150, 115.0, 150, 7, '18118', '011152243849');
INSERT INTO vendor_product(id, price, variant_id, vendor_id, item_code, upc) VALUES(151, 9.5, 151, 7, '07856', '011152078564');
INSERT INTO vendor_product(id, price, variant_id, vendor_id, item_code, upc) VALUES(152, 25.0, 152, 7, '25100', '011152251004');
INSERT INTO vendor_product(id, price, variant_id, vendor_id, item_code, upc) VALUES(153, 3.25, 153, 7, '698', '4967825803062');
INSERT INTO vendor_product(id, price, variant_id, vendor_id, item_code, upc) VALUES(154, 294.5, 154, 7, '7856', '011152078564');
INSERT INTO vendor_product(id, price, variant_id, vendor_id, item_code, upc) VALUES(155, 19.0, 155, 7, '29029', '853558002473');
INSERT INTO vendor_product(id, price, variant_id, vendor_id, item_code, upc) VALUES(156, 0.0, 156, 7, '22014', null);
INSERT INTO vendor_product(id, price, variant_id, vendor_id, item_code, upc) VALUES(157, 39.0, 157, 7, '18913', null);
INSERT INTO vendor_product(id, price, variant_id, vendor_id, item_code, upc) VALUES(158, 16.0, 158, 7, '61199', null);
INSERT INTO vendor_product(id, price, variant_id, vendor_id, item_code, upc) VALUES(159, 16.0, 159, 7, '18687', null);
INSERT INTO vendor_product(id, price, variant_id, vendor_id, item_code, upc) VALUES(160, 16.0, 160, 7, '08862', null);
INSERT INTO vendor_product(id, price, variant_id, vendor_id, item_code, upc) VALUES(161, 16.0, 161, 7, '42883', null);
INSERT INTO vendor_product(id, price, variant_id, vendor_id, item_code, upc) VALUES(162, 78.0, 162, 8, '4069212', null);
INSERT INTO vendor_product(id, price, variant_id, vendor_id, item_code, upc) VALUES(163, 96.7, 163, 8, '4220312', null);
INSERT INTO vendor_product(id, price, variant_id, vendor_id, item_code, upc) VALUES(164, 72.0, 164, 8, '4220512', null);
INSERT INTO vendor_product(id, price, variant_id, vendor_id, item_code, upc) VALUES(165, 48.0, 165, 8, '4224312', null);
INSERT INTO vendor_product(id, price, variant_id, vendor_id, item_code, upc) VALUES(166, 25.8, 166, 9, '20737', '72546-20737');
INSERT INTO vendor_product(id, price, variant_id, vendor_id, item_code, upc) VALUES(167, 28.5, 167, 9, '15740', null);
INSERT INTO vendor_product(id, price, variant_id, vendor_id, item_code, upc) VALUES(168, 108.0, 168, 9, '73896', '971311-000248');
INSERT INTO vendor_product(id, price, variant_id, vendor_id, item_code, upc) VALUES(169, 110.0, 169, 9, '70216', null);
INSERT INTO vendor_product(id, price, variant_id, vendor_id, item_code, upc) VALUES(170, 95.0, 170, 9, '70461', null);
INSERT INTO vendor_product(id, price, variant_id, vendor_id, item_code, upc) VALUES(171, 25.0, 171, 9, '70285', null);
INSERT INTO vendor_product(id, price, variant_id, vendor_id, item_code, upc) VALUES(172, 38.0, 172, 9, '71326', '72546-71326');
INSERT INTO vendor_product(id, price, variant_id, vendor_id, item_code, upc) VALUES(173, 9.5, 173, 9, '713831', null);
INSERT INTO vendor_product(id, price, variant_id, vendor_id, item_code, upc) VALUES(174, 38.0, 174, 9, '71351', null);
INSERT INTO vendor_product(id, price, variant_id, vendor_id, item_code, upc) VALUES(175, 80.0, 175, 9, '63027', null);
INSERT INTO vendor_product(id, price, variant_id, vendor_id, item_code, upc) VALUES(176, 40.0, 176, 9, '8051', '711926-725637');
INSERT INTO vendor_product(id, price, variant_id, vendor_id, item_code, upc) VALUES(177, 9.0, 177, 9, '70784', null);
INSERT INTO vendor_product(id, price, variant_id, vendor_id, item_code, upc) VALUES(178, 16.0, 178, 9, '733271', null);
INSERT INTO vendor_product(id, price, variant_id, vendor_id, item_code, upc) VALUES(179, 16.0, 179, 9, '71319', null);
INSERT INTO vendor_product(id, price, variant_id, vendor_id, item_code, upc) VALUES(180, 16.0, 180, 9, '71319', null);
INSERT INTO vendor_product(id, price, variant_id, vendor_id, item_code, upc) VALUES(181, 29.8, 181, 9, '44498', null);
INSERT INTO vendor_product(id, price, variant_id, vendor_id, item_code, upc) VALUES(182, 28.0, 182, 9, null, null);
INSERT INTO vendor_product(id, price, variant_id, vendor_id, item_code, upc) VALUES(183, 18.5, 183, 9, '50728', null);
INSERT INTO vendor_product(id, price, variant_id, vendor_id, item_code, upc) VALUES(184, 227.0, 184, 9, '70314', null);
INSERT INTO vendor_product(id, price, variant_id, vendor_id, item_code, upc) VALUES(185, 227.0, 185, 9, '70314', null);
INSERT INTO vendor_product(id, price, variant_id, vendor_id, item_code, upc) VALUES(186, 264.0, 186, 9, '71442', '81786-61080');
INSERT INTO vendor_product(id, price, variant_id, vendor_id, item_code, upc) VALUES(187, 10.6, 187, 9, '1006', '72546-01006');
INSERT INTO vendor_product(id, price, variant_id, vendor_id, item_code, upc) VALUES(188, 36.5, 188, 9, '712592', null);
INSERT INTO vendor_product(id, price, variant_id, vendor_id, item_code, upc) VALUES(189, 16.0, 189, 9, '762621', null);
INSERT INTO vendor_product(id, price, variant_id, vendor_id, item_code, upc) VALUES(190, 13.2, 190, 9, null, null);
INSERT INTO vendor_product(id, price, variant_id, vendor_id, item_code, upc) VALUES(191, 48.5, 191, 9, null, null);
INSERT INTO vendor_product(id, price, variant_id, vendor_id, item_code, upc) VALUES(192, 29.0, 192, 9, '20216', null);
INSERT INTO vendor_product(id, price, variant_id, vendor_id, item_code, upc) VALUES(193, 29.0, 193, 9, '30464', '44738-07234');
INSERT INTO vendor_product(id, price, variant_id, vendor_id, item_code, upc) VALUES(194, 28.5, 194, 9, '20106', null);
INSERT INTO vendor_product(id, price, variant_id, vendor_id, item_code, upc) VALUES(195, 5.8, 195, 9, null, '90100-86290');
INSERT INTO vendor_product(id, price, variant_id, vendor_id, item_code, upc) VALUES(196, 10.8, 196, 9, null, null);
INSERT INTO vendor_product(id, price, variant_id, vendor_id, item_code, upc) VALUES(197, 40.0, 197, 9, null, null);
INSERT INTO vendor_product(id, price, variant_id, vendor_id, item_code, upc) VALUES(198, 25.5, 198, 9, null, '24463-06116');
INSERT INTO vendor_product(id, price, variant_id, vendor_id, item_code, upc) VALUES(199, 28.8, 199, 9, null, '72546-30267');
INSERT INTO vendor_product(id, price, variant_id, vendor_id, item_code, upc) VALUES(200, 13.7, 200, 9, null, null);
INSERT INTO vendor_product(id, price, variant_id, vendor_id, item_code, upc) VALUES(201, 18.0, 201, 9, '229101', '73899-65757');
INSERT INTO vendor_product(id, price, variant_id, vendor_id, item_code, upc) VALUES(202, 140.8, 202, 9, '33133', null);
INSERT INTO vendor_product(id, price, variant_id, vendor_id, item_code, upc) VALUES(203, 9.35, 203, 9, '74050', null);
INSERT INTO vendor_product(id, price, variant_id, vendor_id, item_code, upc) VALUES(204, 63.0, 204, 10, '3202610150', null);
INSERT INTO vendor_product(id, price, variant_id, vendor_id, item_code, upc) VALUES(205, 6.95, 205, 10, '601016517', null);
INSERT INTO vendor_product(id, price, variant_id, vendor_id, item_code, upc) VALUES(206, 6.95, 206, 10, '611017102', null);
INSERT INTO vendor_product(id, price, variant_id, vendor_id, item_code, upc) VALUES(207, 99.5, 207, 10, '4400099530', null);
INSERT INTO vendor_product(id, price, variant_id, vendor_id, item_code, upc) VALUES(208, 17.95, 208, 10, '5911301200', null);
INSERT INTO vendor_product(id, price, variant_id, vendor_id, item_code, upc) VALUES(209, 16.95, 209, 10, '5901301230', null);
INSERT INTO vendor_product(id, price, variant_id, vendor_id, item_code, upc) VALUES(210, 86.33, 210, 10, '4401073000', null);
INSERT INTO vendor_product(id, price, variant_id, vendor_id, item_code, upc) VALUES(211, 99.0, 211, 10, '4400020010', null);
INSERT INTO vendor_product(id, price, variant_id, vendor_id, item_code, upc) VALUES(212, 15.0, 212, 11, '7', null);
INSERT INTO vendor_product(id, price, variant_id, vendor_id, item_code, upc) VALUES(213, 18.15, 213, 11, '37', null);
INSERT INTO vendor_product(id, price, variant_id, vendor_id, item_code, upc) VALUES(214, 109.65, 214, 11, '736', null);
INSERT INTO vendor_product(id, price, variant_id, vendor_id, item_code, upc) VALUES(215, 11.25, 215, 11, '944', null);
INSERT INTO vendor_product(id, price, variant_id, vendor_id, item_code, upc) VALUES(216, 17.65, 216, 11, '76-520', null);
INSERT INTO vendor_product(id, price, variant_id, vendor_id, item_code, upc) VALUES(217, 10.99, 217, 12, '9806423', null);
INSERT INTO vendor_product(id, price, variant_id, vendor_id, item_code, upc) VALUES(218, 32.76, 218, 12, '3149994', null);
INSERT INTO vendor_product(id, price, variant_id, vendor_id, item_code, upc) VALUES(219, 30.67, 219, 12, '3136314', null);
INSERT INTO vendor_product(id, price, variant_id, vendor_id, item_code, upc) VALUES(220, 23.78, 220, 12, '4184636', null);
INSERT INTO vendor_product(id, price, variant_id, vendor_id, item_code, upc) VALUES(221, 61.94, 221, 12, '5934294', null);
INSERT INTO vendor_product(id, price, variant_id, vendor_id, item_code, upc) VALUES(222, 20.86, 222, 12, '8106759', null);
INSERT INTO vendor_product(id, price, variant_id, vendor_id, item_code, upc) VALUES(223, 17.79, 223, 12, '4518403', null);
INSERT INTO vendor_product(id, price, variant_id, vendor_id, item_code, upc) VALUES(224, 59.76, 224, 12, '7021985', null);
INSERT INTO vendor_product(id, price, variant_id, vendor_id, item_code, upc) VALUES(225, 7.96, 225, 12, '2037117', null);
INSERT INTO vendor_product(id, price, variant_id, vendor_id, item_code, upc) VALUES(226, 12.89, 226, 12, '5661830', null);
INSERT INTO vendor_product(id, price, variant_id, vendor_id, item_code, upc) VALUES(227, 13.46, 227, 12, '5228770', null);
INSERT INTO vendor_product(id, price, variant_id, vendor_id, item_code, upc) VALUES(228, 9.95, 228, 12, '2004844', null);
INSERT INTO vendor_product(id, price, variant_id, vendor_id, item_code, upc) VALUES(229, 23.71, 229, 12, '7503620', null);
INSERT INTO vendor_product(id, price, variant_id, vendor_id, item_code, upc) VALUES(230, 46.78, 230, 12, '4119061', null);
INSERT INTO vendor_product(id, price, variant_id, vendor_id, item_code, upc) VALUES(231, 9.75, 231, 12, '4363453', null);
INSERT INTO vendor_product(id, price, variant_id, vendor_id, item_code, upc) VALUES(232, 36.83, 232, 12, '5941653', null);
INSERT INTO vendor_product(id, price, variant_id, vendor_id, item_code, upc) VALUES(233, 50.77, 233, 12, '1425982', null);
INSERT INTO vendor_product(id, price, variant_id, vendor_id, item_code, upc) VALUES(234, 6.91, 234, 12, '5239553', null);
INSERT INTO vendor_product(id, price, variant_id, vendor_id, item_code, upc) VALUES(235, 6.83, 235, 12, '5935648', null);
INSERT INTO vendor_product(id, price, variant_id, vendor_id, item_code, upc) VALUES(236, 18.37, 236, 12, '6638878', null);
INSERT INTO vendor_product(id, price, variant_id, vendor_id, item_code, upc) VALUES(237, 90.76, 237, 12, '1212422', null);
INSERT INTO vendor_product(id, price, variant_id, vendor_id, item_code, upc) VALUES(238, 26.83, 238, 12, '1203207', null);
INSERT INTO vendor_product(id, price, variant_id, vendor_id, item_code, upc) VALUES(239, 5.97, 239, 12, '1405263', null);
INSERT INTO vendor_product(id, price, variant_id, vendor_id, item_code, upc) VALUES(240, 57.46, 240, 12, '5806276', null);
INSERT INTO vendor_product(id, price, variant_id, vendor_id, item_code, upc) VALUES(241, 7.99, 241, 12, '3860933', null);
INSERT INTO vendor_product(id, price, variant_id, vendor_id, item_code, upc) VALUES(242, 272.49, 242, 12, '8754939', null);
INSERT INTO vendor_product(id, price, variant_id, vendor_id, item_code, upc) VALUES(243, 30.33, 243, 12, '6357974', null);
INSERT INTO vendor_product(id, price, variant_id, vendor_id, item_code, upc) VALUES(244, 49.94, 244, 12, '6613372', null);
INSERT INTO vendor_product(id, price, variant_id, vendor_id, item_code, upc) VALUES(245, 40.89, 245, 12, '9028150', null);
INSERT INTO vendor_product(id, price, variant_id, vendor_id, item_code, upc) VALUES(246, 154.19, 246, 12, '2143899', null);
INSERT INTO vendor_product(id, price, variant_id, vendor_id, item_code, upc) VALUES(247, 59.97, 247, 12, '8002412', null);
INSERT INTO vendor_product(id, price, variant_id, vendor_id, item_code, upc) VALUES(248, 24.26, 248, 12, '3115532', null);
INSERT INTO vendor_product(id, price, variant_id, vendor_id, item_code, upc) VALUES(249, 537.16, 249, 12, '4227450', null);
INSERT INTO vendor_product(id, price, variant_id, vendor_id, item_code, upc) VALUES(250, 36.76, 250, 12, '2451310', null);
INSERT INTO vendor_product(id, price, variant_id, vendor_id, item_code, upc) VALUES(251, 54.89, 251, 12, '2041549', null);
INSERT INTO vendor_product(id, price, variant_id, vendor_id, item_code, upc) VALUES(252, 30.87, 252, 12, '8919084', null);
INSERT INTO vendor_product(id, price, variant_id, vendor_id, item_code, upc) VALUES(253, 26.62, 253, 12, '7640010', null);
INSERT INTO vendor_product(id, price, variant_id, vendor_id, item_code, upc) VALUES(254, 32.99, 254, 12, '7681337', null);
INSERT INTO vendor_product(id, price, variant_id, vendor_id, item_code, upc) VALUES(255, 60.76, 255, 12, '4685614', null);
INSERT INTO vendor_product(id, price, variant_id, vendor_id, item_code, upc) VALUES(256, 24.95, 256, 12, '8396567', null);
INSERT INTO vendor_product(id, price, variant_id, vendor_id, item_code, upc) VALUES(257, 15.99, 257, 12, '5989894', null);
INSERT INTO vendor_product(id, price, variant_id, vendor_id, item_code, upc) VALUES(258, 15.99, 258, 12, '5989878', null);
INSERT INTO vendor_product(id, price, variant_id, vendor_id, item_code, upc) VALUES(259, 35.86, 259, 12, '1763846', null);
INSERT INTO vendor_product(id, price, variant_id, vendor_id, item_code, upc) VALUES(260, 62.83, 260, 12, '4458772', null);
INSERT INTO vendor_product(id, price, variant_id, vendor_id, item_code, upc) VALUES(261, 26.74, 261, 12, '8461087', null);
INSERT INTO vendor_product(id, price, variant_id, vendor_id, item_code, upc) VALUES(262, 59.81, 262, 12, '9362005', null);
INSERT INTO vendor_product(id, price, variant_id, vendor_id, item_code, upc) VALUES(263, 59.95, 263, 12, '7670118', null);
INSERT INTO vendor_product(id, price, variant_id, vendor_id, item_code, upc) VALUES(264, 23.87, 264, 12, '1438924', null);
INSERT INTO vendor_product(id, price, variant_id, vendor_id, item_code, upc) VALUES(265, 27.97, 265, 12, '5793963', null);
INSERT INTO vendor_product(id, price, variant_id, vendor_id, item_code, upc) VALUES(266, 34.79, 266, 12, '7666250', null);
INSERT INTO vendor_product(id, price, variant_id, vendor_id, item_code, upc) VALUES(267, 44.76, 267, 12, '7715420', null);
INSERT INTO vendor_product(id, price, variant_id, vendor_id, item_code, upc) VALUES(268, 36.79, 268, 12, '1288186', null);
INSERT INTO vendor_product(id, price, variant_id, vendor_id, item_code, upc) VALUES(269, 7.93, 269, 12, '5045802', null);
INSERT INTO vendor_product(id, price, variant_id, vendor_id, item_code, upc) VALUES(270, 45.71, 270, 12, '5089113', null);
INSERT INTO vendor_product(id, price, variant_id, vendor_id, item_code, upc) VALUES(271, 26.99, 271, 12, '1007350', null);
INSERT INTO vendor_product(id, price, variant_id, vendor_id, item_code, upc) VALUES(272, 58.95, 272, 12, '1101872', null);
INSERT INTO vendor_product(id, price, variant_id, vendor_id, item_code, upc) VALUES(273, 22.82, 273, 12, '1191873', null);
INSERT INTO vendor_product(id, price, variant_id, vendor_id, item_code, upc) VALUES(274, 23.89, 274, 12, '7223878', null);
INSERT INTO vendor_product(id, price, variant_id, vendor_id, item_code, upc) VALUES(275, 22.73, 275, 12, '1306430', null);
INSERT INTO vendor_product(id, price, variant_id, vendor_id, item_code, upc) VALUES(276, 18.91, 276, 12, '5903232', null);
INSERT INTO vendor_product(id, price, variant_id, vendor_id, item_code, upc) VALUES(277, 33.94, 277, 12, '7350788', null);
INSERT INTO vendor_product(id, price, variant_id, vendor_id, item_code, upc) VALUES(278, 48.95, 278, 12, '6980668', null);

-- consolidate canned/dry into dry/canned
INSERT INTO "public"."product_categories" (parent_category_id, child_product_id)
	SELECT 11 AS parent_category_id, child_product_id FROM "public"."product_categories" WHERE parent_category_id = 10;
DELETE FROM product_categories WHERE parent_category_id = 10;
DELETE FROM store_category WHERE category_id = 10;
DELETE FROM category WHERE id = 10;

-- Move Keg and Wine into Drink
INSERT INTO categories(parent_category_id, child_category_id)
	VALUES(17, 6);
INSERT INTO categories(parent_category_id, child_category_id)
	VALUES(17, 9);